Timestamp,User Count,Type,Name,Requests/s,Failures/s,50%,66%,75%,80%,90%,95%,98%,99%,99.9%,99.99%,100%,Total Request Count,Total Failure Count,Total Median Response Time,Total Average Response Time,Total Min Response Time,Total Max Response Time,Total Average Content Size
1610844033,1,,Aggregated,0.000000,0.000000,N/A,N/A,N/A,N/A,N/A,N/A,N/A,N/A,N/A,N/A,N/A,0,0,0,0,0,0,0
1610844034,94,,Aggregated,0.000000,0.000000,5,5,5,5,5,7,10,16,16,16,16,93,0,5,5.2789484516226794,3.6240600002201973,15.606314999786264,54.0
1610844035,100,,Aggregated,0.000000,0.000000,5,5,5,5,6,7,11,16,16,16,16,100,0,5,5.314289040015865,3.6240600002201973,15.606314999786264,54.0
1610844036,100,,Aggregated,0.000000,0.000000,5,5,5,5,6,7,11,16,16,16,16,100,0,5,5.314289040015865,3.6240600002201973,15.606314999786264,54.0
1610844037,100,,Aggregated,0.000000,0.000000,5,5,5,5,6,7,11,16,16,16,16,100,0,5,5.314289040015865,3.6240600002201973,15.606314999786264,54.0
1610844038,100,,Aggregated,33.333333,0.000000,5,5,5,5,6,8,14,15,16,16,16,103,0,5,5.521261776712246,3.6240600002201973,15.606314999786264,54.0
1610844039,100,,Aggregated,25.000000,0.000000,5,5,5,5,5,6,11,15,16,16,16,195,0,5,5.264101625643655,3.6240600002201973,15.606314999786264,54.0
1610844040,100,,Aggregated,25.000000,0.000000,5,5,5,5,6,10,15,28,54,54,54,200,0,5,5.728611675001503,3.6240600002201973,54.26077299989629,54.0
1610844041,100,,Aggregated,25.000000,0.000000,5,5,5,5,6,10,15,28,54,54,54,200,0,5,5.728611675001503,3.6240600002201973,54.26077299989629,54.0
1610844042,100,,Aggregated,25.000000,0.000000,5,5,5,5,6,10,15,28,54,54,54,200,0,5,5.728611675001503,3.6240600002201973,54.26077299989629,54.0
1610844044,100,,Aggregated,25.000000,0.000000,5,5,5,5,6,10,14,16,54,54,54,207,0,5,5.758493913046532,3.6240600002201973,54.26077299989629,54.0
1610844045,100,,Aggregated,22.222222,0.000000,5,5,5,5,6,12,16,28,54,54,54,300,0,5,5.825626033329172,3.236689999994269,54.26077299989629,54.0
1610844046,100,,Aggregated,22.222222,0.000000,5,5,5,5,6,12,16,28,54,54,54,300,0,5,5.825626033329172,3.236689999994269,54.26077299989629,54.0
1610844047,100,,Aggregated,22.222222,0.000000,5,5,5,5,6,12,16,28,54,54,54,300,0,5,5.825626033329172,3.236689999994269,54.26077299989629,54.0
1610844048,100,,Aggregated,22.222222,0.000000,5,5,5,5,6,12,16,28,54,54,54,300,0,5,5.825626033329172,3.236689999994269,54.26077299989629,54.0
1610844049,100,,Aggregated,20.000000,0.000000,5,5,5,5,8,13,17,25,54,54,54,317,1,5,6.06346407255136,3.236689999994269,54.26077299989629,53.829652996845425
1610844050,100,,Aggregated,20.000000,0.000000,5,5,5,5,7,13,16,25,54,54,54,400,1,5,5.813852389994736,3.236689999994269,54.26077299989629,53.865
1610844051,100,,Aggregated,20.000000,0.000000,5,5,5,5,7,13,16,25,54,54,54,400,1,5,5.813852389994736,3.236689999994269,54.26077299989629,53.865
1610844052,100,,Aggregated,20.000000,0.000000,5,5,5,5,7,13,16,25,54,54,54,400,1,5,5.813852389994736,3.236689999994269,54.26077299989629,53.865
1610844053,100,,Aggregated,20.000000,0.000000,5,5,5,5,7,13,16,25,54,54,54,400,1,5,5.813852389994736,3.236689999994269,54.26077299989629,53.865
1610844054,100,,Aggregated,20.000000,0.100000,5,5,5,5,10,13,17,24,54,54,54,424,1,5,6.022839091975961,3.236689999994269,54.26077299989629,53.87264150943396
1610844055,100,,Aggregated,20.000000,0.100000,5,5,5,5,10,14,20,24,54,54,54,500,1,5,6.087520047996804,3.236689999994269,54.26077299989629,53.892
1610844056,100,,Aggregated,20.000000,0.100000,5,5,5,5,10,14,20,24,54,54,54,500,1,5,6.087520047996804,3.236689999994269,54.26077299989629,53.892
1610844057,100,,Aggregated,20.000000,0.100000,5,5,5,5,10,14,20,24,54,54,54,500,1,5,6.087520047996804,3.236689999994269,54.26077299989629,53.892
1610844058,100,,Aggregated,20.000000,0.100000,5,5,5,5,10,14,20,24,54,54,54,500,1,5,6.087520047996804,3.236689999994269,54.26077299989629,53.892
1610844059,100,,Aggregated,20.000000,0.100000,5,5,5,6,12,15,19,23,54,54,54,540,1,5,6.384367233330421,3.236689999994269,54.26077299989629,53.9
1610844060,100,,Aggregated,20.000000,0.100000,5,5,5,6,10,15,17,23,54,54,54,600,1,5,6.211756084997735,3.236689999994269,54.26077299989629,53.91
1610844061,100,,Aggregated,20.000000,0.100000,5,5,5,6,10,15,17,23,54,54,54,600,1,5,6.211756084997735,3.236689999994269,54.26077299989629,53.91
1610844062,100,,Aggregated,20.000000,0.100000,5,5,5,6,10,15,17,23,54,54,54,600,1,5,6.211756084997735,3.236689999994269,54.26077299989629,53.91
1610844063,100,,Aggregated,20.000000,0.100000,5,5,5,6,10,15,17,23,54,54,54,600,1,5,6.211756084997735,3.236689999994269,54.26077299989629,53.91
1610844064,100,,Aggregated,20.000000,0.000000,5,5,5,7,12,15,18,23,54,54,54,650,1,5,6.425016981538647,3.236689999994269,54.26077299989629,53.91692307692308
1610844065,100,,Aggregated,20.000000,0.000000,5,5,6,7,13,15,20,26,54,54,54,700,1,5,6.516877675715348,3.236689999994269,54.26077299989629,53.92285714285714
1610844066,100,,Aggregated,20.000000,0.000000,5,5,6,7,13,15,20,26,54,54,54,700,1,5,6.516877675715348,3.236689999994269,54.26077299989629,53.92285714285714
1610844067,100,,Aggregated,20.000000,0.000000,5,5,6,7,13,15,20,26,54,54,54,700,1,5,6.516877675715348,3.236689999994269,54.26077299989629,53.92285714285714
1610844068,100,,Aggregated,20.000000,0.000000,5,5,6,7,13,15,20,26,54,54,54,700,1,5,6.516877675715348,3.236689999994269,54.26077299989629,53.92285714285714
1610844069,100,,Aggregated,20.000000,0.000000,5,5,6,8,14,17,23,28,54,54,54,771,1,5,6.923471460439164,3.236689999994269,54.26077299989629,53.929961089494164
1610844070,100,,Aggregated,20.000000,0.000000,5,5,6,8,13,17,23,28,54,54,54,800,1,5,6.907859174997952,3.236689999994269,54.26077299989629,53.9325
1610844071,100,,Aggregated,20.000000,0.000000,5,5,6,8,13,17,23,28,54,54,54,800,1,5,6.907859174997952,3.236689999994269,54.26077299989629,53.9325
1610844072,100,,Aggregated,20.000000,0.000000,5,5,6,8,13,17,23,28,54,54,54,800,1,5,6.907859174997952,3.236689999994269,54.26077299989629,53.9325
1610844073,100,,Aggregated,20.000000,0.000000,5,5,6,8,13,17,23,28,54,54,54,800,1,5,6.907859174997952,3.236689999994269,54.26077299989629,53.9325
1610844074,100,,Aggregated,20.000000,0.000000,5,5,7,10,14,19,25,28,54,54,54,883,1,5,7.338759539072224,3.236689999994269,54.26077299989629,53.938844847112115
1610844075,100,,Aggregated,20.000000,0.000000,5,5,8,10,15,20,26,29,54,54,54,900,1,5,7.535521947778155,3.236689999994269,54.26077299989629,53.94
1610844076,100,,Aggregated,20.000000,0.000000,5,5,8,10,15,20,26,29,54,54,54,900,1,5,7.535521947778155,3.236689999994269,54.26077299989629,53.94
1610844078,100,,Aggregated,20.000000,0.000000,5,5,8,10,15,20,26,29,54,54,54,900,1,5,7.535521947778155,3.236689999994269,54.26077299989629,53.94
1610844079,100,,Aggregated,20.000000,0.000000,5,5,8,10,15,20,26,29,54,54,54,900,1,5,7.535521947778155,3.236689999994269,54.26077299989629,53.94
1610844080,100,,Aggregated,20.000000,0.000000,5,6,9,11,16,22,28,33,54,54,54,1000,1,5,7.983929709999302,3.236689999994269,54.26077299989629,53.946
1610844081,100,,Aggregated,20.000000,0.000000,5,6,9,11,16,22,28,33,54,54,54,1000,1,5,7.983929709999302,3.236689999994269,54.26077299989629,53.946
1610844082,100,,Aggregated,20.000000,0.000000,5,6,9,11,16,22,28,33,54,54,54,1000,1,5,7.983929709999302,3.236689999994269,54.26077299989629,53.946
1610844083,100,,Aggregated,20.000000,0.000000,5,6,9,11,16,22,28,33,54,54,54,1000,1,5,7.983929709999302,3.236689999994269,54.26077299989629,53.946
1610844084,100,,Aggregated,20.000000,0.000000,5,6,10,12,17,22,28,33,38,54,54,1024,1,5,8.155465488281166,3.236689999994269,54.26077299989629,53.947265625
1610844085,100,,Aggregated,20.000000,0.000000,5,7,10,12,19,23,28,33,38,54,54,1100,1,5,8.557690061819068,3.236689999994269,54.26077299989629,53.95090909090909
1610844086,100,,Aggregated,20.000000,0.000000,5,7,10,12,19,23,28,33,38,54,54,1100,1,5,8.557690061819068,3.236689999994269,54.26077299989629,53.95090909090909
1610844087,100,,Aggregated,20.000000,0.000000,5,7,10,12,19,23,28,33,38,54,54,1100,1,5,8.557690061819068,3.236689999994269,54.26077299989629,53.95090909090909
1610844088,100,,Aggregated,20.000000,0.000000,5,7,10,12,19,23,28,33,38,54,54,1100,1,5,8.557690061819068,3.236689999994269,54.26077299989629,53.95090909090909
1610844089,100,,Aggregated,20.000000,0.000000,5,8,11,13,20,25,30,33,42,54,54,1143,1,5,8.930057097987579,3.236689999994269,54.26077299989629,53.95275590551181
1610844090,100,,Aggregated,20.000000,0.000000,5,9,12,14,22,27,31,35,54,110,110,1200,1,5,9.433913674167039,3.236689999994269,110.80744800028697,53.955
1610844091,100,,Aggregated,20.000000,0.000000,5,9,12,14,22,27,31,35,54,110,110,1200,1,5,9.433913674167039,3.236689999994269,110.80744800028697,53.955
1610844092,100,,Aggregated,20.000000,0.000000,5,9,12,14,22,27,31,35,54,110,110,1200,1,5,9.433913674167039,3.236689999994269,110.80744800028697,53.955
1610844093,100,,Aggregated,20.000000,0.000000,5,9,12,14,22,27,31,35,54,110,110,1200,1,5,9.433913674167039,3.236689999994269,110.80744800028697,53.955
1610844094,100,,Aggregated,20.000000,0.000000,5,9,13,14,22,26,30,35,54,110,110,1258,1,5,9.574996480129244,3.236689999994269,110.80744800028697,53.95707472178061
1610844095,100,,Aggregated,20.000000,0.000000,5,9,13,14,21,26,31,35,69,110,110,1300,1,5,9.657569333846649,3.236689999994269,110.80744800028697,53.95846153846154
1610844096,100,,Aggregated,20.000000,0.000000,5,9,13,14,21,26,31,35,69,110,110,1300,1,5,9.657569333846649,3.236689999994269,110.80744800028697,53.95846153846154
1610844097,100,,Aggregated,20.000000,0.000000,5,9,13,14,21,26,31,35,69,110,110,1300,1,5,9.657569333846649,3.236689999994269,110.80744800028697,53.95846153846154
1610844098,100,,Aggregated,20.000000,0.000000,5,9,13,14,21,26,31,35,69,110,110,1300,1,5,9.657569333846649,3.236689999994269,110.80744800028697,53.95846153846154
1610844099,100,,Aggregated,20.000000,0.000000,5,10,13,15,22,26,30,35,69,110,110,1382,1,5,9.764253505790913,3.236689999994269,110.80744800028697,53.96092619392185
1610844100,100,,Aggregated,20.000000,0.000000,5,10,13,15,22,26,31,35,100,110,110,1400,1,5,9.824814977859464,3.236689999994269,110.80744800028697,53.96142857142857
1610844102,100,,Aggregated,20.000000,0.000000,5,10,13,15,22,26,31,35,100,110,110,1400,1,5,9.824814977859464,3.236689999994269,110.80744800028697,53.96142857142857
1610844103,100,,Aggregated,20.000000,0.000000,5,10,13,15,22,26,31,35,100,110,110,1400,1,5,9.824814977859464,3.236689999994269,110.80744800028697,53.96142857142857
1610844104,100,,Aggregated,20.000000,0.000000,5,10,13,15,22,26,31,35,100,110,110,1400,1,5,9.824814977859464,3.236689999994269,110.80744800028697,53.96142857142857
1610844105,100,,Aggregated,20.000000,0.000000,6,10,13,15,22,27,32,35,100,110,110,1500,1,6,10.04364257666748,3.236689999994269,110.80744800028697,53.964
1610844106,100,,Aggregated,20.000000,0.000000,6,10,13,15,22,27,32,35,100,110,110,1500,1,6,10.04364257666748,3.236689999994269,110.80744800028697,53.964
1610844107,100,,Aggregated,20.000000,0.000000,6,10,13,15,22,27,32,35,100,110,110,1500,1,6,10.04364257666748,3.236689999994269,110.80744800028697,53.964
1610844108,100,,Aggregated,20.000000,0.000000,6,10,13,15,22,27,32,35,100,110,110,1500,1,6,10.04364257666748,3.236689999994269,110.80744800028697,53.964
1610844109,100,,Aggregated,20.000000,0.000000,6,10,13,15,22,27,32,35,100,110,110,1524,1,6,10.11537190223208,3.236689999994269,110.80744800028697,53.96456692913386
1610844110,100,,Aggregated,20.000000,0.000000,6,11,13,15,23,28,33,36,100,110,110,1600,1,6,10.364787403125604,2.8576240001711994,110.80744800028697,53.96625
1610844111,100,,Aggregated,20.000000,0.000000,6,11,13,15,23,28,33,36,100,110,110,1600,1,6,10.364787403125604,2.8576240001711994,110.80744800028697,53.96625
1610844112,100,,Aggregated,20.000000,0.000000,6,11,13,15,23,28,33,36,100,110,110,1600,1,6,10.364787403125604,2.8576240001711994,110.80744800028697,53.96625
1610844113,100,,Aggregated,20.000000,0.000000,6,11,13,15,23,28,33,36,100,110,110,1600,1,6,10.364787403125604,2.8576240001711994,110.80744800028697,53.96625
1610844114,100,,Aggregated,20.000000,0.000000,6,11,14,16,23,28,33,36,100,110,110,1645,1,6,10.600475268084889,2.8576240001711994,110.80744800028697,53.967173252279636
1610844115,100,,Aggregated,20.000000,0.000000,6,11,14,16,24,28,33,36,100,110,110,1700,1,6,10.737375436469579,2.8576240001711994,110.80744800028697,53.96823529411765
1610844116,100,,Aggregated,20.000000,0.000000,6,11,14,16,24,28,33,36,100,110,110,1700,1,6,10.737375436469579,2.8576240001711994,110.80744800028697,53.96823529411765
1610844117,100,,Aggregated,20.000000,0.000000,6,11,14,16,24,28,33,36,100,110,110,1700,1,6,10.737375436469579,2.8576240001711994,110.80744800028697,53.96823529411765
1610844118,100,,Aggregated,20.000000,0.000000,6,11,14,16,24,28,33,36,100,110,110,1700,1,6,10.737375436469579,2.8576240001711994,110.80744800028697,53.96823529411765
1610844119,100,,Aggregated,20.000000,0.000000,7,11,14,16,24,28,33,36,100,110,110,1760,1,7,10.882074222726084,2.8576240001711994,110.80744800028697,53.96931818181818
1610844120,100,,Aggregated,20.000000,0.000000,7,12,14,16,24,28,33,36,100,110,110,1800,1,7,10.892232855553377,2.8576240001711994,110.80744800028697,53.97
1610844121,100,,Aggregated,20.000000,0.000000,7,12,14,16,24,28,33,36,100,110,110,1800,1,7,10.892232855553377,2.8576240001711994,110.80744800028697,53.97
1610844122,100,,Aggregated,20.000000,0.000000,7,12,14,16,24,28,33,36,100,110,110,1800,1,7,10.892232855553377,2.8576240001711994,110.80744800028697,53.97
1610844124,100,,Aggregated,20.000000,0.000000,7,12,14,16,24,28,33,36,100,110,110,1800,1,7,10.892232855553377,2.8576240001711994,110.80744800028697,53.97
1610844125,100,,Aggregated,20.000000,0.000000,7,12,15,17,24,28,33,36,100,110,110,1883,1,7,11.053066452999227,2.8576240001711994,110.80744800028697,53.97132235793946
1610844126,100,,Aggregated,20.000000,0.000000,7,12,15,17,24,28,33,36,100,110,110,1900,1,7,11.079714917892776,2.8576240001711994,110.80744800028697,53.97157894736842
1610844127,100,,Aggregated,20.000000,0.000000,7,12,15,17,24,28,33,36,100,110,110,1900,1,7,11.079714917892776,2.8576240001711994,110.80744800028697,53.97157894736842
1610844128,100,,Aggregated,20.000000,0.000000,7,12,15,17,24,28,33,36,100,110,110,1900,1,7,11.079714917892776,2.8576240001711994,110.80744800028697,53.97157894736842
1610844129,100,,Aggregated,20.000000,0.000000,7,12,15,17,24,28,33,36,100,110,110,1900,1,7,11.079714917892776,2.8576240001711994,110.80744800028697,53.97157894736842
1610844130,100,,Aggregated,20.000000,0.000000,7,12,15,17,24,29,35,42,100,110,110,2000,1,7,11.481542845996955,2.8576240001711994,110.80744800028697,53.973
1610844131,100,,Aggregated,20.000000,0.000000,7,12,15,17,24,29,35,42,100,110,110,2000,1,7,11.481542845996955,2.8576240001711994,110.80744800028697,53.973
1610844132,100,,Aggregated,20.000000,0.000000,7,12,15,17,24,29,35,42,100,110,110,2000,1,7,11.481542845996955,2.8576240001711994,110.80744800028697,53.973
1610844133,100,,Aggregated,20.000000,0.000000,7,12,15,17,24,29,35,42,100,110,110,2000,1,7,11.481542845996955,2.8576240001711994,110.80744800028697,53.973
1610844134,100,,Aggregated,20.000000,0.000000,8,13,15,18,25,30,37,42,72,110,110,2029,1,8,11.737859645635675,2.8576240001711994,110.80744800028697,53.9733859043864
1610844135,100,,Aggregated,20.000000,0.000000,8,13,16,18,25,30,37,42,72,110,110,2100,2,8,11.821699254281677,2.2362790000443056,110.80744800028697,53.94857142857143
1610844136,100,,Aggregated,20.000000,0.000000,8,13,16,18,25,30,37,42,72,110,110,2100,2,8,11.821699254281677,2.2362790000443056,110.80744800028697,53.94857142857143
1610844137,100,,Aggregated,20.000000,0.000000,8,13,16,18,25,30,37,42,72,110,110,2100,2,8,11.821699254281677,2.2362790000443056,110.80744800028697,53.94857142857143
1610844138,100,,Aggregated,20.000000,0.000000,8,13,16,18,25,30,37,42,72,110,110,2100,2,8,11.821699254281677,2.2362790000443056,110.80744800028697,53.94857142857143
1610844139,100,,Aggregated,20.000000,0.100000,8,13,16,19,26,32,41,48,72,110,110,2155,3,8,12.288099347560136,1.277645999834931,110.80744800028697,53.924825986078886
1610844140,100,,Aggregated,20.000000,0.100000,8,13,16,19,26,32,41,48,72,110,110,2200,3,8,12.304913673178403,1.277645999834931,110.80744800028697,53.92636363636364
1610844141,100,,Aggregated,20.000000,0.100000,8,13,16,19,26,32,41,48,72,110,110,2200,3,8,12.304913673178403,1.277645999834931,110.80744800028697,53.92636363636364
1610844142,100,,Aggregated,20.000000,0.100000,8,13,16,19,26,32,41,48,72,110,110,2200,3,8,12.304913673178403,1.277645999834931,110.80744800028697,53.92636363636364
1610844144,100,,Aggregated,20.000000,0.100000,8,13,16,19,26,32,41,48,72,110,110,2200,3,8,12.304913673178403,1.277645999834931,110.80744800028697,53.92636363636364
1610844145,100,,Aggregated,20.000000,0.200000,9,13,17,20,27,32,41,48,72,110,110,2283,3,9,12.529170196667923,1.277645999834931,110.80744800028697,53.92904073587385
1610844146,100,,Aggregated,20.000000,0.200000,9,13,17,20,27,32,41,48,72,110,110,2300,3,9,12.510896457388299,1.277645999834931,110.80744800028697,53.92956521739131
1610844147,100,,Aggregated,20.000000,0.200000,9,13,17,20,27,32,41,48,72,110,110,2300,3,9,12.510896457388299,1.277645999834931,110.80744800028697,53.92956521739131
1610844148,100,,Aggregated,20.000000,0.200000,9,13,17,20,27,32,41,48,72,110,110,2300,3,9,12.510896457388299,1.277645999834931,110.80744800028697,53.92956521739131
1610844149,100,,Aggregated,20.000000,0.200000,9,13,17,20,27,32,41,48,72,110,110,2300,3,9,12.510896457388299,1.277645999834931,110.80744800028697,53.92956521739131
1610844150,100,,Aggregated,20.000000,0.100000,9,14,17,20,28,33,43,48,72,110,110,2400,3,9,12.960069917495503,1.277645999834931,110.80744800028697,53.9325
1610844151,100,,Aggregated,20.000000,0.100000,9,14,17,20,28,33,43,48,72,110,110,2400,3,9,12.960069917495503,1.277645999834931,110.80744800028697,53.9325
1610844152,100,,Aggregated,20.000000,0.100000,9,14,17,20,28,33,43,48,72,110,110,2400,3,9,12.960069917495503,1.277645999834931,110.80744800028697,53.9325
1610844153,100,,Aggregated,20.000000,0.100000,9,14,17,20,28,33,43,48,72,110,110,2400,3,9,12.960069917495503,1.277645999834931,110.80744800028697,53.9325
1610844154,100,,Aggregated,20.000000,0.100000,9,14,17,20,28,33,43,48,72,110,110,2400,3,9,12.960069917495503,1.277645999834931,110.80744800028697,53.9325
1610844155,100,,Aggregated,20.000000,0.000000,9,14,17,21,28,36,49,68,78,110,110,2500,3,9,13.555729255995903,1.277645999834931,110.80744800028697,53.9352
1610844156,100,,Aggregated,20.000000,0.000000,9,14,17,21,28,36,49,68,78,110,110,2500,3,9,13.555729255995903,1.277645999834931,110.80744800028697,53.9352
1610844157,100,,Aggregated,20.000000,0.000000,9,14,17,21,28,36,49,68,78,110,110,2500,3,9,13.555729255995903,1.277645999834931,110.80744800028697,53.9352
1610844158,100,,Aggregated,20.000000,0.000000,9,14,17,21,28,36,49,68,78,110,110,2500,3,9,13.555729255995903,1.277645999834931,110.80744800028697,53.9352
1610844159,100,,Aggregated,20.000000,0.000000,10,14,18,22,29,37,49,68,78,110,110,2555,4,10,13.849796168683781,1.277645999834931,110.80744800028697,53.91545988258317
1610844160,100,,Aggregated,20.000000,0.000000,10,14,18,21,29,37,49,68,78,110,110,2600,4,10,13.771344418073056,1.277645999834931,110.80744800028697,53.91692307692308
1610844161,100,,Aggregated,20.000000,0.000000,10,14,18,21,29,37,49,68,78,110,110,2600,4,10,13.771344418073056,1.277645999834931,110.80744800028697,53.91692307692308
1610844163,100,,Aggregated,20.000000,0.000000,10,14,18,21,29,37,49,68,78,110,110,2600,4,10,13.771344418073056,1.277645999834931,110.80744800028697,53.91692307692308
1610844164,100,,Aggregated,20.000000,0.000000,10,14,18,21,29,37,49,68,78,110,110,2600,4,10,13.771344418073056,1.277645999834931,110.80744800028697,53.91692307692308
1610844165,100,,Aggregated,20.000000,0.100000,10,15,19,22,30,41,59,68,78,110,110,2676,4,10,14.478020156573542,1.277645999834931,110.80744800028697,53.91928251121076
1610844166,100,,Aggregated,20.000000,0.100000,10,15,19,23,31,42,59,68,78,110,110,2700,4,10,14.569087895922879,1.277645999834931,110.80744800028697,53.92
1610844167,100,,Aggregated,20.000000,0.100000,10,15,19,23,31,42,59,68,78,110,110,2700,4,10,14.569087895922879,1.277645999834931,110.80744800028697,53.92
1610844168,100,,Aggregated,20.000000,0.100000,10,15,19,23,31,42,59,68,78,110,110,2700,4,10,14.569087895922879,1.277645999834931,110.80744800028697,53.92
1610844169,100,,Aggregated,20.000000,0.100000,10,15,19,23,31,42,59,68,78,110,110,2700,4,10,14.569087895922879,1.277645999834931,110.80744800028697,53.92
1610844170,100,,Aggregated,20.000000,0.100000,10,15,20,24,33,47,63,68,78,110,110,2800,4,10,15.355394717139612,1.277645999834931,110.80744800028697,53.92285714285714
1610844171,100,,Aggregated,20.000000,0.100000,10,15,20,24,33,47,63,68,78,110,110,2800,4,10,15.355394717139612,1.277645999834931,110.80744800028697,53.92285714285714
1610844172,100,,Aggregated,20.000000,0.100000,10,15,20,24,33,47,63,68,78,110,110,2800,4,10,15.355394717139612,1.277645999834931,110.80744800028697,53.92285714285714
1610844173,100,,Aggregated,20.000000,0.100000,10,15,20,24,33,47,63,68,78,110,110,2800,4,10,15.355394717139612,1.277645999834931,110.80744800028697,53.92285714285714
1610844174,100,,Aggregated,20.000000,0.000000,10,15,20,24,33,47,63,68,78,110,110,2803,4,10,15.347524657506527,1.277645999834931,110.80744800028697,53.922939707456294
1610844175,100,,Aggregated,20.000000,0.000000,10,15,20,24,35,48,63,68,78,110,110,2900,4,10,15.72333008620292,1.277645999834931,110.80744800028697,53.92551724137931
1610844176,100,,Aggregated,20.000000,0.000000,10,15,20,24,35,48,63,68,78,110,110,2900,4,10,15.72333008620292,1.277645999834931,110.80744800028697,53.92551724137931
1610844177,100,,Aggregated,20.000000,0.000000,10,15,20,24,35,48,63,68,78,110,110,2900,4,10,15.72333008620292,1.277645999834931,110.80744800028697,53.92551724137931
1610844178,100,,Aggregated,20.000000,0.000000,10,15,20,24,35,48,63,68,78,110,110,2900,4,10,15.72333008620292,1.277645999834931,110.80744800028697,53.92551724137931
1610844180,100,,Aggregated,20.000000,0.000000,10,15,21,24,35,48,62,68,78,110,110,2922,4,10,15.729054448661374,1.277645999834931,110.80744800028697,53.92607802874743
1610844181,100,,Aggregated,20.000000,0.000000,11,16,22,26,38,52,71,180,190,190,190,3000,4,11,18.188208601662748,1.277645999834931,193.28999900017152,53.928
1610844182,100,,Aggregated,20.000000,0.000000,11,16,22,26,38,52,71,180,190,190,190,3000,4,11,18.188208601662748,1.277645999834931,193.28999900017152,53.928
1610844183,100,,Aggregated,20.000000,0.000000,11,16,22,26,38,52,71,180,190,190,190,3000,4,11,18.188208601662748,1.277645999834931,193.28999900017152,53.928
1610844184,100,,Aggregated,20.000000,0.000000,11,16,22,26,38,52,71,180,190,190,190,3000,4,11,18.188208601662748,1.277645999834931,193.28999900017152,53.928
1610844185,100,,Aggregated,20.000000,0.000000,11,17,23,27,42,61,74,180,190,190,190,3083,4,11,18.94982503308088,1.277645999834931,193.28999900017152,53.92993837171586
1610844186,100,,Aggregated,20.000000,0.000000,11,17,23,27,42,61,75,180,190,190,190,3100,4,11,18.956897282899323,1.277645999834931,193.28999900017152,53.93032258064516
1610844187,100,,Aggregated,20.000000,0.000000,11,17,23,27,42,61,75,180,190,190,190,3100,4,11,18.956897282899323,1.277645999834931,193.28999900017152,53.93032258064516
1610844188,100,,Aggregated,20.000000,0.000000,11,17,23,27,42,61,75,180,190,190,190,3100,4,11,18.956897282899323,1.277645999834931,193.28999900017152,53.93032258064516
1610844189,100,,Aggregated,20.000000,0.000000,11,17,23,27,42,61,75,180,190,190,190,3100,4,11,18.956897282899323,1.277645999834931,193.28999900017152,53.93032258064516
1610844190,100,,Aggregated,20.000000,0.000000,12,17,24,28,46,64,76,180,190,190,190,3200,4,12,19.639897012183525,1.277645999834931,193.28999900017152,53.9325
1610844191,100,,Aggregated,20.000000,0.000000,12,17,24,28,46,64,76,180,190,190,190,3200,4,12,19.639897012183525,1.277645999834931,193.28999900017152,53.9325
1610844192,100,,Aggregated,20.000000,0.000000,12,17,24,28,46,64,76,180,190,190,190,3200,4,12,19.639897012183525,1.277645999834931,193.28999900017152,53.9325
1610844193,100,,Aggregated,20.000000,0.000000,12,17,24,28,46,64,76,180,190,190,190,3200,4,12,19.639897012183525,1.277645999834931,193.28999900017152,53.9325
1610844194,100,,Aggregated,20.000000,0.000000,12,17,24,28,46,64,76,180,190,190,190,3203,4,12,19.635793907582695,1.277645999834931,193.28999900017152,53.93256322197939
1610844196,100,,Aggregated,20.000000,0.000000,12,18,25,30,48,66,81,180,190,190,190,3300,4,12,20.514402764238994,1.277645999834931,193.28999900017152,53.93454545454546
1610844197,100,,Aggregated,20.000000,0.000000,12,18,25,30,48,66,81,180,190,190,190,3300,4,12,20.514402764238994,1.277645999834931,193.28999900017152,53.93454545454546
1610844198,100,,Aggregated,20.000000,0.000000,12,18,25,30,48,66,81,180,190,190,190,3300,4,12,20.514402764238994,1.277645999834931,193.28999900017152,53.93454545454546
1610844199,100,,Aggregated,20.000000,0.000000,12,18,25,30,48,66,81,180,190,190,190,3300,4,12,20.514402764238994,1.277645999834931,193.28999900017152,53.93454545454546
1610844200,100,,Aggregated,20.000000,0.000000,12,18,26,30,47,65,81,180,190,190,190,3330,5,12,20.550246667263444,1.277645999834931,193.28999900017152,53.91891891891892
1610844201,100,,Aggregated,20.000000,0.000000,12,19,26,30,49,65,80,180,190,190,190,3400,5,12,20.90732218764338,1.277645999834931,193.28999900017152,53.92058823529412
1610844202,100,,Aggregated,20.000000,0.000000,12,19,26,30,49,65,80,180,190,190,190,3400,5,12,20.90732218764338,1.277645999834931,193.28999900017152,53.92058823529412
1610844203,100,,Aggregated,20.000000,0.000000,12,19,26,30,49,65,80,180,190,190,190,3400,5,12,20.90732218764338,1.277645999834931,193.28999900017152,53.92058823529412
1610844204,100,,Aggregated,20.000000,0.000000,12,19,26,30,49,65,80,180,190,190,190,3400,5,12,20.90732218764338,1.277645999834931,193.28999900017152,53.92058823529412
1610844205,100,,Aggregated,20.000000,0.100000,13,19,26,30,49,65,80,180,190,190,190,3445,5,13,20.908603195932145,1.277645999834931,193.28999900017152,53.92162554426705
1610844206,100,,Aggregated,20.000000,0.100000,13,20,27,32,54,70,180,200,210,210,210,3500,5,13,23.24271096885265,1.277645999834931,213.53942900032052,53.92285714285714
1610844207,100,,Aggregated,20.000000,0.100000,13,20,27,32,54,70,180,200,210,210,210,3500,5,13,23.24271096885265,1.277645999834931,213.53942900032052,53.92285714285714
1610844208,100,,Aggregated,20.000000,0.100000,13,20,27,32,54,70,180,200,210,210,210,3500,5,13,23.24271096885265,1.277645999834931,213.53942900032052,53.92285714285714
1610844209,100,,Aggregated,20.000000,0.100000,13,20,27,32,54,70,180,200,210,210,210,3500,5,13,23.24271096885265,1.277645999834931,213.53942900032052,53.92285714285714
1610844210,100,,Aggregated,20.000000,0.100000,13,20,28,33,58,72,180,200,210,210,210,3600,5,13,23.778518110828646,1.277645999834931,213.53942900032052,53.925
1610844212,100,,Aggregated,20.000000,0.100000,13,20,28,33,58,72,180,200,210,210,210,3600,5,13,23.778518110828646,1.277645999834931,213.53942900032052,53.925
1610844213,100,,Aggregated,20.000000,0.100000,13,20,28,33,58,72,180,200,210,210,210,3600,5,13,23.778518110828646,1.277645999834931,213.53942900032052,53.925
1610844214,100,,Aggregated,20.000000,0.100000,13,20,28,33,58,72,180,200,210,210,210,3600,5,13,23.778518110828646,1.277645999834931,213.53942900032052,53.925
1610844215,100,,Aggregated,20.000000,0.000000,13,20,28,33,58,71,180,200,210,210,210,3622,6,13,23.690825610707407,1.277645999834931,213.53942900032052,53.91054665930425
1610844216,100,,Aggregated,20.000000,0.000000,13,21,29,34,59,71,180,200,210,210,210,3700,6,13,23.976189691616582,1.277645999834931,213.53942900032052,53.91243243243243
1610844217,100,,Aggregated,20.000000,0.000000,13,21,29,34,59,71,180,200,210,210,210,3700,6,13,23.976189691616582,1.277645999834931,213.53942900032052,53.91243243243243
1610844218,100,,Aggregated,20.000000,0.000000,13,21,29,34,59,71,180,200,210,210,210,3700,6,13,23.976189691616582,1.277645999834931,213.53942900032052,53.91243243243243
1610844219,100,,Aggregated,20.000000,0.000000,13,21,29,34,59,71,180,200,210,210,210,3700,6,13,23.976189691616582,1.277645999834931,213.53942900032052,53.91243243243243
1610844220,100,,Aggregated,20.000000,0.100000,13,21,28,33,59,71,180,200,210,210,210,3734,6,13,23.868286976428056,1.277645999834931,213.53942900032052,53.91322978039636
1610844221,100,,Aggregated,20.000000,0.100000,13,21,29,35,59,70,180,200,210,210,210,3800,6,13,24.275359918416033,1.277645999834931,213.53942900032052,53.91473684210526
1610844222,100,,Aggregated,20.000000,0.100000,13,21,29,35,59,70,180,200,210,210,210,3800,6,13,24.275359918416033,1.277645999834931,213.53942900032052,53.91473684210526
1610844223,100,,Aggregated,20.000000,0.100000,13,21,29,35,59,70,180,200,210,210,210,3800,6,13,24.275359918416033,1.277645999834931,213.53942900032052,53.91473684210526
1610844224,100,,Aggregated,20.000000,0.100000,13,21,29,35,59,70,180,200,210,210,210,3800,6,13,24.275359918416033,1.277645999834931,213.53942900032052,53.91473684210526
1610844225,100,,Aggregated,20.000000,0.100000,13,21,29,35,59,70,180,200,210,210,210,3854,6,13,24.115110809025243,1.277645999834931,213.53942900032052,53.91593149974053
1610844226,100,,Aggregated,20.000000,0.100000,13,22,30,36,59,70,180,200,210,210,210,3900,6,13,24.3671569166626,1.277645999834931,213.53942900032052,53.91692307692308
1610844227,100,,Aggregated,20.000000,0.100000,13,22,30,36,59,70,180,200,210,210,210,3900,6,13,24.3671569166626,1.277645999834931,213.53942900032052,53.91692307692308
1610844229,100,,Aggregated,20.000000,0.100000,13,22,30,36,59,70,180,200,210,210,210,3900,6,13,24.3671569166626,1.277645999834931,213.53942900032052,53.91692307692308
1610844230,100,,Aggregated,20.000000,0.000000,13,22,30,36,58,70,180,190,210,210,210,3904,6,13,24.35533858068243,1.277645999834931,213.53942900032052,53.91700819672131
1610844231,100,,Aggregated,20.000000,0.000000,13,22,30,38,60,71,160,190,210,210,210,4000,6,13,24.656182881496512,1.277645999834931,213.53942900032052,53.919
1610844232,100,,Aggregated,20.000000,0.000000,13,22,30,38,60,71,160,190,210,210,210,4000,6,13,24.656182881496512,1.277645999834931,213.53942900032052,53.919
1610844233,100,,Aggregated,20.000000,0.000000,13,22,30,38,60,71,160,190,210,210,210,4000,6,13,24.656182881496512,1.277645999834931,213.53942900032052,53.919
1610844234,100,,Aggregated,20.000000,0.000000,13,22,30,38,60,71,160,190,210,210,210,4000,6,13,24.656182881496512,1.277645999834931,213.53942900032052,53.919
1610844235,100,,Aggregated,20.000000,0.000000,13,22,30,37,60,71,110,190,210,210,210,4024,6,13,24.586517343684562,1.277645999834931,213.53942900032052,53.91948310139165
1610844236,100,,Aggregated,20.000000,0.000000,13,22,31,40,61,70,110,190,210,210,210,4100,6,13,24.955013941947986,1.277645999834931,213.53942900032052,53.9209756097561
1610844237,100,,Aggregated,20.000000,0.000000,13,22,31,40,61,70,110,190,210,210,210,4100,6,13,24.955013941947986,1.277645999834931,213.53942900032052,53.9209756097561
1610844238,100,,Aggregated,20.000000,0.000000,13,22,31,40,61,70,110,190,210,210,210,4100,6,13,24.955013941947986,1.277645999834931,213.53942900032052,53.9209756097561
1610844239,100,,Aggregated,20.000000,0.000000,13,22,31,40,61,70,110,190,210,210,210,4100,6,13,24.955013941947986,1.277645999834931,213.53942900032052,53.9209756097561
1610844240,100,,Aggregated,20.000000,0.000000,14,22,31,39,60,70,110,190,210,210,210,4145,6,14,24.828920296257785,1.277645999834931,213.53942900032052,53.92183353437877
1610844241,100,,Aggregated,20.000000,0.000000,14,22,31,41,61,70,110,190,210,210,210,4200,6,14,25.127473779759384,1.277645999834931,213.53942900032052,53.92285714285714
1610844242,100,,Aggregated,20.000000,0.000000,14,22,31,41,61,70,110,190,210,210,210,4200,6,14,25.127473779759384,1.277645999834931,213.53942900032052,53.92285714285714
1610844244,100,,Aggregated,20.000000,0.000000,14,22,31,41,61,70,110,190,210,210,210,4200,6,14,25.127473779759384,1.277645999834931,213.53942900032052,53.92285714285714
1610844245,100,,Aggregated,20.000000,0.000000,14,22,31,41,61,70,110,190,210,210,210,4203,6,14,25.119381026169364,1.277645999834931,213.53942900032052,53.92291220556745
1610844246,100,,Aggregated,20.000000,0.000000,14,22,31,40,61,70,100,190,210,210,210,4258,6,14,24.9550874880195,1.277645999834931,213.53942900032052,53.92390793799906
1610844247,100,,Aggregated,20.000000,0.000000,14,22,31,40,61,70,100,190,210,210,210,4300,6,14,24.909604621392276,1.277645999834931,213.53942900032052,53.924651162790695
1610844248,100,,Aggregated,20.000000,0.000000,14,22,31,40,61,70,100,190,210,210,210,4300,6,14,24.909604621392276,1.277645999834931,213.53942900032052,53.924651162790695
1610844249,100,,Aggregated,20.000000,0.000000,14,22,31,40,61,70,100,190,210,210,210,4300,6,14,24.909604621392276,1.277645999834931,213.53942900032052,53.924651162790695
1610844250,100,,Aggregated,20.000000,0.000000,14,22,31,40,61,70,99,190,210,210,210,4305,7,14,24.89247109848698,1.277645999834931,213.53942900032052,53.91219512195122
1610844251,100,,Aggregated,20.000000,0.000000,14,23,31,40,61,70,180,200,210,210,210,4400,7,14,25.282944299769945,1.277645999834931,213.53942900032052,53.91409090909091
1610844252,100,,Aggregated,20.000000,0.000000,14,23,31,40,61,70,180,200,210,210,210,4400,7,14,25.282944299769945,1.277645999834931,213.53942900032052,53.91409090909091
1610844253,100,,Aggregated,20.000000,0.000000,14,23,31,40,61,70,180,200,210,210,210,4400,7,14,25.282944299769945,1.277645999834931,213.53942900032052,53.91409090909091
1610844254,100,,Aggregated,20.000000,0.000000,14,23,31,40,61,70,180,200,210,210,210,4400,7,14,25.282944299769945,1.277645999834931,213.53942900032052,53.91409090909091
1610844255,100,,Aggregated,20.000000,0.100000,14,23,31,40,61,70,160,200,210,210,210,4441,7,14,25.23729450731491,1.277645999834931,213.53942900032052,53.91488403512722
1610844256,100,,Aggregated,20.000000,0.100000,14,23,31,40,60,70,110,200,210,210,210,4500,7,14,25.28707754288581,1.277645999834931,213.53942900032052,53.916
1610844257,100,,Aggregated,20.000000,0.100000,14,23,31,40,60,70,110,200,210,210,210,4500,7,14,25.28707754288581,1.277645999834931,213.53942900032052,53.916
1610844258,100,,Aggregated,20.000000,0.100000,14,23,31,40,60,70,110,200,210,210,210,4500,7,14,25.28707754288581,1.277645999834931,213.53942900032052,53.916
1610844259,100,,Aggregated,20.000000,0.100000,14,23,31,40,60,70,110,200,210,210,210,4500,7,14,25.28707754288581,1.277645999834931,213.53942900032052,53.916
1610844261,100,,Aggregated,20.000000,0.100000,14,23,31,40,60,70,110,200,210,210,210,4545,7,14,25.156634921889008,1.277645999834931,213.53942900032052,53.91683168316832
1610844262,100,,Aggregated,20.000000,0.100000,14,23,31,40,60,70,180,200,210,210,210,4600,7,14,25.420004000865934,1.277645999834931,213.53942900032052,53.917826086956524
1610844263,100,,Aggregated,20.000000,0.100000,14,23,31,40,60,70,180,200,210,210,210,4600,7,14,25.420004000865934,1.277645999834931,213.53942900032052,53.917826086956524
1610844264,100,,Aggregated,20.000000,0.100000,14,23,31,40,60,70,180,200,210,210,210,4600,7,14,25.420004000865934,1.277645999834931,213.53942900032052,53.917826086956524
1610844265,100,,Aggregated,20.000000,0.000000,14,23,31,40,60,70,180,200,210,210,210,4604,7,14,25.40550406667754,1.277645999834931,213.53942900032052,53.91789748045178
1610844266,100,,Aggregated,20.000000,0.000000,14,23,31,39,60,70,180,200,210,210,210,4700,7,14,25.320542606166732,1.277645999834931,213.53942900032052,53.91957446808511
1610844267,100,,Aggregated,20.000000,0.000000,14,23,31,39,60,70,180,200,210,210,210,4700,7,14,25.320542606166732,1.277645999834931,213.53942900032052,53.91957446808511
1610844268,100,,Aggregated,20.000000,0.000000,14,23,31,39,60,70,180,200,210,210,210,4700,7,14,25.320542606166732,1.277645999834931,213.53942900032052,53.91957446808511
1610844269,100,,Aggregated,20.000000,0.000000,14,23,31,39,60,70,180,200,210,210,210,4700,7,14,25.320542606166732,1.277645999834931,213.53942900032052,53.91957446808511
1610844270,100,,Aggregated,20.000000,0.000000,14,23,31,38,60,70,180,200,210,210,210,4738,7,14,25.272361215910323,1.277645999834931,213.53942900032052,53.92021950189954
1610844271,100,,Aggregated,20.000000,0.000000,14,23,31,38,60,70,180,200,210,210,210,4800,7,14,25.21981578603807,1.277645999834931,213.53942900032052,53.92125
1610844272,100,,Aggregated,20.000000,0.000000,14,23,31,38,60,70,180,200,210,210,210,4800,7,14,25.21981578603807,1.277645999834931,213.53942900032052,53.92125
1610844273,100,,Aggregated,20.000000,0.000000,14,23,31,38,60,70,180,200,210,210,210,4800,7,14,25.21981578603807,1.277645999834931,213.53942900032052,53.92125
1610844275,100,,Aggregated,20.000000,0.000000,14,23,31,38,60,70,180,200,210,210,210,4800,7,14,25.21981578603807,1.277645999834931,213.53942900032052,53.92125
1610844276,100,,Aggregated,20.000000,0.000000,14,23,31,38,60,70,180,190,210,210,210,4845,7,14,25.149468637767587,1.277645999834931,213.53942900032052,53.921981424148605
1610844277,100,,Aggregated,20.000000,0.000000,14,23,31,37,60,69,160,190,210,210,210,4900,7,14,25.036237429996646,1.277645999834931,213.53942900032052,53.92285714285714
1610844278,100,,Aggregated,20.000000,0.000000,14,23,31,37,60,69,160,190,210,210,210,4900,7,14,25.036237429996646,1.277645999834931,213.53942900032052,53.92285714285714
1610844279,100,,Aggregated,20.000000,0.000000,14,23,31,37,60,69,160,190,210,210,210,4900,7,14,25.036237429996646,1.277645999834931,213.53942900032052,53.92285714285714
1610844280,100,,Aggregated,20.000000,0.000000,14,23,31,37,60,69,110,190,210,210,210,4904,7,14,25.02186707034737,1.277645999834931,213.53942900032052,53.92292006525285
1610844281,100,,Aggregated,20.000000,0.000000,14,23,31,37,59,69,110,190,210,210,210,4990,7,14,24.93223796332322,1.277645999834931,213.53942900032052,53.92424849699399
1610844282,100,,Aggregated,20.000000,0.000000,14,23,31,37,60,70,110,190,210,210,210,5000,7,14,25.055232743596747,1.277645999834931,213.53942900032052,53.9244
1610844283,100,,Aggregated,20.000000,0.000000,14,23,31,37,60,70,110,190,210,210,210,5000,7,14,25.055232743596747,1.277645999834931,213.53942900032052,53.9244
1610844284,100,,Aggregated,20.000000,0.000000,14,23,31,37,60,70,110,190,210,210,210,5000,7,14,25.055232743596747,1.277645999834931,213.53942900032052,53.9244
1610844285,100,,Aggregated,20.000000,0.000000,14,23,31,37,60,70,110,190,210,210,210,5039,7,14,25.017445597337694,1.277645999834931,213.53942900032052,53.92498511609446
1610844286,100,,Aggregated,20.000000,0.000000,14,23,31,37,59,69,110,190,210,210,210,5100,7,14,24.966890299996535,1.277645999834931,213.53942900032052,53.92588235294118
1610844287,100,,Aggregated,20.000000,0.000000,14,23,31,37,59,69,110,190,210,210,210,5100,7,14,24.966890299996535,1.277645999834931,213.53942900032052,53.92588235294118
1610844289,100,,Aggregated,20.000000,0.000000,14,23,31,37,59,69,110,190,210,210,210,5100,7,14,24.966890299996535,1.277645999834931,213.53942900032052,53.92588235294118
1610844290,100,,Aggregated,20.000000,0.000000,14,23,31,37,59,69,110,190,210,210,210,5100,7,14,24.966890299996535,1.277645999834931,213.53942900032052,53.92588235294118
1610844291,100,,Aggregated,20.000000,0.000000,14,23,31,37,59,69,110,190,210,210,210,5145,7,14,24.903608126526617,1.277645999834931,213.53942900032052,53.926530612244896
1610844292,100,,Aggregated,20.000000,0.000000,14,24,31,37,59,69,100,190,210,210,210,5200,7,14,24.859120808457988,1.277645999834931,213.53942900032052,53.92730769230769
1610844293,100,,Aggregated,20.000000,0.000000,14,24,31,37,59,69,100,190,210,210,210,5200,7,14,24.859120808457988,1.277645999834931,213.53942900032052,53.92730769230769
1610844294,100,,Aggregated,20.000000,0.000000,14,24,31,37,59,69,100,190,210,210,210,5200,7,14,24.859120808457988,1.277645999834931,213.53942900032052,53.92730769230769
1610844295,100,,Aggregated,20.000000,0.000000,14,23,31,36,59,69,99,190,210,210,210,5204,8,14,24.850052927167756,1.277645999834931,213.53942900032052,53.91698693312836
1610844296,100,,Aggregated,20.000000,0.000000,14,24,31,37,59,69,95,190,210,210,210,5300,8,14,24.964266142260385,1.277645999834931,213.53942900032052,53.91849056603773
1610844297,100,,Aggregated,20.000000,0.000000,14,24,31,37,59,69,95,190,210,210,210,5300,8,14,24.964266142260385,1.277645999834931,213.53942900032052,53.91849056603773
1610844298,100,,Aggregated,20.000000,0.000000,14,24,31,37,59,69,95,190,210,210,210,5300,8,14,24.964266142260385,1.277645999834931,213.53942900032052,53.91849056603773
1610844299,100,,Aggregated,20.000000,0.000000,14,24,31,37,59,69,95,190,210,210,210,5300,8,14,24.964266142260385,1.277645999834931,213.53942900032052,53.91849056603773
1610844300,100,,Aggregated,20.000000,0.100000,14,23,31,37,59,69,94,190,210,210,210,5345,8,14,24.87069317399049,1.277645999834931,213.53942900032052,53.91917680074836
1610844302,100,,Aggregated,20.000000,0.100000,14,24,31,37,59,69,94,190,210,210,210,5400,8,14,24.95389555351469,1.277645999834931,213.53942900032052,53.92
1610844303,100,,Aggregated,20.000000,0.100000,14,24,31,37,59,69,94,190,210,210,210,5400,8,14,24.95389555351469,1.277645999834931,213.53942900032052,53.92
1610844304,100,,Aggregated,20.000000,0.100000,14,24,31,37,59,69,94,190,210,210,210,5400,8,14,24.95389555351469,1.277645999834931,213.53942900032052,53.92
1610844305,100,,Aggregated,20.000000,0.100000,14,24,31,37,59,69,93,190,210,210,210,5404,8,14,24.941007479085783,1.277645999834931,213.53942900032052,53.920059215396
1610844306,100,,Aggregated,20.000000,0.100000,14,24,31,37,59,69,93,190,210,210,210,5445,8,14,24.87639500715879,1.277645999834931,213.53942900032052,53.920661157024796
1610844307,100,,Aggregated,20.000000,0.100000,14,24,31,37,59,69,92,190,210,210,210,5500,8,14,24.844883300178218,1.277645999834931,213.53942900032052,53.921454545454544
1610844308,100,,Aggregated,20.000000,0.100000,14,24,31,37,59,69,92,190,210,210,210,5500,8,14,24.844883300178218,1.277645999834931,213.53942900032052,53.921454545454544
1610844309,100,,Aggregated,20.000000,0.100000,14,24,31,37,59,69,92,190,210,210,210,5500,8,14,24.844883300178218,1.277645999834931,213.53942900032052,53.921454545454544
1610844310,100,,Aggregated,20.000000,0.000000,14,24,31,37,59,69,92,190,210,210,210,5504,8,14,24.834584408608276,1.277645999834931,213.53942900032052,53.92151162790697
1610844311,100,,Aggregated,20.000000,0.000000,15,24,31,37,59,69,92,190,210,210,210,5600,8,15,24.955024192853656,1.277645999834931,213.53942900032052,53.92285714285714
1610844312,100,,Aggregated,20.000000,0.000000,15,24,31,37,59,69,92,190,210,210,210,5600,8,15,24.955024192853656,1.277645999834931,213.53942900032052,53.92285714285714
1610844313,100,,Aggregated,20.000000,0.000000,15,24,31,37,59,69,92,190,210,210,210,5600,8,15,24.955024192853656,1.277645999834931,213.53942900032052,53.92285714285714
1610844315,100,,Aggregated,20.000000,0.000000,15,24,31,37,59,69,92,190,210,210,210,5600,8,15,24.955024192853656,1.277645999834931,213.53942900032052,53.92285714285714
1610844316,100,,Aggregated,20.000000,0.000000,15,24,32,37,59,69,91,190,210,210,210,5645,8,15,25.007425738525995,1.277645999834931,213.53942900032052,53.92347209920283
1610844317,100,,Aggregated,20.000000,0.000000,15,24,32,38,59,69,90,190,210,210,210,5700,8,15,25.11619960929482,1.277645999834931,213.53942900032052,53.92421052631579
1610844318,100,,Aggregated,20.000000,0.000000,15,24,32,38,59,69,90,190,210,210,210,5700,8,15,25.11619960929482,1.277645999834931,213.53942900032052,53.92421052631579
1610844319,100,,Aggregated,20.000000,0.000000,15,24,32,38,59,69,90,190,210,210,210,5700,8,15,25.11619960929482,1.277645999834931,213.53942900032052,53.92421052631579
1610844320,100,,Aggregated,20.000000,0.000000,15,24,32,38,59,69,90,190,210,210,210,5704,8,15,25.105595688460753,1.277645999834931,213.53942900032052,53.92426367461431
1610844321,100,,Aggregated,20.000000,0.000000,15,25,32,38,59,69,90,190,210,210,210,5745,8,15,25.15263404786436,1.277645999834931,213.53942900032052,53.924804177545695
1610844322,100,,Aggregated,20.000000,0.000000,15,25,33,40,59,69,100,190,210,210,210,5800,8,15,25.555974376721064,1.277645999834931,213.53942900032052,53.92551724137931
1610844323,100,,Aggregated,20.000000,0.000000,15,25,33,40,59,69,100,190,210,210,210,5800,8,15,25.555974376721064,1.277645999834931,213.53942900032052,53.92551724137931
1610844324,100,,Aggregated,20.000000,0.000000,15,25,33,40,59,69,100,190,210,210,210,5800,8,15,25.555974376721064,1.277645999834931,213.53942900032052,53.92551724137931
1610844325,100,,Aggregated,20.000000,0.000000,15,25,33,40,59,69,100,190,210,210,210,5804,8,15,25.54880475395973,1.277645999834931,213.53942900032052,53.925568573397655
1610844326,100,,Aggregated,20.000000,0.000000,15,26,34,41,60,73,100,190,210,210,210,5900,8,15,26.18578112270925,1.277645999834931,213.53942900032052,53.92677966101695
1610844328,100,,Aggregated,20.000000,0.000000,15,26,34,41,60,73,100,190,210,210,210,5900,8,15,26.18578112270925,1.277645999834931,213.53942900032052,53.92677966101695
1610844329,100,,Aggregated,20.000000,0.000000,15,26,34,41,60,73,100,190,210,210,210,5900,8,15,26.18578112270925,1.277645999834931,213.53942900032052,53.92677966101695
1610844330,100,,Aggregated,20.000000,0.000000,15,26,34,41,60,73,100,190,210,210,210,5900,8,15,26.18578112270925,1.277645999834931,213.53942900032052,53.92677966101695
1610844331,100,,Aggregated,20.000000,0.000000,15,26,34,42,61,73,100,190,210,210,210,5945,9,15,26.44037460319343,1.277645999834931,213.53942900032052,53.91825063078217
1610844332,100,,Aggregated,20.000000,0.000000,16,27,35,44,62,75,100,190,210,210,210,6000,9,16,26.748465094830856,1.277645999834931,213.53942900032052,53.919
1610844333,100,,Aggregated,20.000000,0.000000,16,27,35,44,62,75,100,190,210,210,210,6000,9,16,26.748465094830856,1.277645999834931,213.53942900032052,53.919
1610844334,100,,Aggregated,20.000000,0.000000,16,27,35,44,62,75,100,190,210,210,210,6000,9,16,26.748465094830856,1.277645999834931,213.53942900032052,53.919
1610844335,100,,Aggregated,20.000000,0.100000,16,27,35,44,62,75,99,190,210,210,210,6004,9,16,26.737111889404602,1.277645999834931,213.53942900032052,53.91905396402398
1610844336,100,,Aggregated,20.000000,0.100000,16,27,36,44,62,74,99,190,210,210,210,6045,9,16,26.88700977005538,1.277645999834931,213.53942900032052,53.919602977667495
1610844337,100,,Aggregated,20.000000,0.100000,16,27,37,46,62,75,97,190,210,210,210,6100,9,16,27.224368843931995,1.277645999834931,213.53942900032052,53.92032786885246
1610844338,100,,Aggregated,20.000000,0.100000,16,27,37,46,62,75,97,190,210,210,210,6100,9,16,27.224368843931995,1.277645999834931,213.53942900032052,53.92032786885246
1610844339,100,,Aggregated,20.000000,0.100000,16,27,37,46,62,75,97,190,210,210,210,6100,9,16,27.224368843931995,1.277645999834931,213.53942900032052,53.92032786885246
1610844341,100,,Aggregated,20.000000,0.100000,16,27,37,46,62,75,97,190,210,210,210,6104,9,16,27.217494667428717,1.277645999834931,213.53942900032052,53.92038007863696
1610844342,100,,Aggregated,20.000000,0.100000,16,28,37,47,63,74,95,190,210,210,210,6200,9,16,27.4775454619331,1.277645999834931,213.53942900032052,53.92161290322581
1610844343,100,,Aggregated,20.000000,0.100000,16,28,37,47,63,74,95,190,210,210,210,6200,9,16,27.4775454619331,1.277645999834931,213.53942900032052,53.92161290322581
1610844344,100,,Aggregated,20.000000,0.100000,16,28,37,47,63,74,95,190,210,210,210,6200,9,16,27.4775454619331,1.277645999834931,213.53942900032052,53.92161290322581
1610844345,100,,Aggregated,20.000000,0.100000,16,28,37,47,63,74,95,190,210,210,210,6200,9,16,27.4775454619331,1.277645999834931,213.53942900032052,53.92161290322581
1610844346,100,,Aggregated,20.000000,0.000000,16,28,38,47,63,74,94,190,210,210,210,6245,9,16,27.55047020432113,1.277645999834931,213.53942900032052,53.92217774219375
1610844347,100,,Aggregated,20.000000,0.000000,17,28,39,48,64,75,94,190,210,210,210,6300,9,17,27.906806994283272,1.277645999834931,213.53942900032052,53.92285714285714
1610844348,100,,Aggregated,20.000000,0.000000,17,28,39,48,64,75,94,190,210,210,210,6300,9,17,27.906806994283272,1.277645999834931,213.53942900032052,53.92285714285714
1610844349,100,,Aggregated,20.000000,0.000000,17,28,39,48,64,75,94,190,210,210,210,6300,9,17,27.906806994283272,1.277645999834931,213.53942900032052,53.92285714285714
1610844350,100,,Aggregated,20.000000,0.000000,17,28,39,48,64,75,93,190,210,210,210,6304,9,17,27.896241725410018,1.277645999834931,213.53942900032052,53.92290609137056
1610844351,100,,Aggregated,20.000000,0.000000,17,28,39,47,63,75,93,190,210,210,210,6345,9,17,27.852907401416296,1.277645999834931,213.53942900032052,53.92340425531915
1610844352,100,,Aggregated,20.000000,0.000000,17,29,40,48,64,76,92,190,210,210,210,6400,9,17,28.167786564685397,1.277645999834931,213.53942900032052,53.9240625
1610844354,100,,Aggregated,20.000000,0.000000,17,29,40,48,64,76,92,190,210,210,210,6400,9,17,28.167786564685397,1.277645999834931,213.53942900032052,53.9240625
1610844355,100,,Aggregated,20.000000,0.000000,17,29,40,48,64,76,92,190,210,210,210,6400,9,17,28.167786564685397,1.277645999834931,213.53942900032052,53.9240625
1610844356,100,,Aggregated,20.000000,0.000000,17,29,40,48,64,75,92,190,210,210,210,6404,9,17,28.154455811834257,1.277645999834931,213.53942900032052,53.92410993129294
1610844357,100,,Aggregated,20.000000,0.000000,17,30,41,49,65,76,93,190,210,210,210,6500,9,17,28.59536934815196,1.277645999834931,213.53942900032052,53.92523076923077
1610844358,100,,Aggregated,20.000000,0.000000,17,30,41,49,65,76,93,190,210,210,210,6500,9,17,28.59536934815196,1.277645999834931,213.53942900032052,53.92523076923077
1610844359,100,,Aggregated,20.000000,0.000000,17,30,41,49,65,76,93,190,210,210,210,6500,9,17,28.59536934815196,1.277645999834931,213.53942900032052,53.92523076923077
1610844360,100,,Aggregated,20.000000,0.000000,17,30,41,49,65,76,93,190,210,210,210,6500,9,17,28.59536934815196,1.277645999834931,213.53942900032052,53.92523076923077
1610844361,100,,Aggregated,20.000000,0.000000,18,30,42,50,64,76,93,190,210,210,210,6545,9,18,28.740553889531963,1.277645999834931,213.53942900032052,53.925744843391904
1610844362,100,,Aggregated,20.000000,0.000000,18,30,42,50,65,76,93,190,210,210,210,6600,9,18,28.893240724391703,1.277645999834931,213.53942900032052,53.92636363636364
1610844363,100,,Aggregated,20.000000,0.000000,18,30,42,50,65,76,93,190,210,210,210,6600,9,18,28.893240724391703,1.277645999834931,213.53942900032052,53.92636363636364
1610844364,100,,Aggregated,20.000000,0.000000,18,30,42,50,65,76,93,190,210,210,210,6600,9,18,28.893240724391703,1.277645999834931,213.53942900032052,53.92636363636364
1610844365,100,,Aggregated,20.000000,0.000000,18,30,42,50,65,76,92,190,210,210,210,6604,9,18,28.88247190944658,1.277645999834931,213.53942900032052,53.92640823743186
1610844367,100,,Aggregated,20.000000,0.000000,18,31,43,51,64,76,92,190,210,210,210,6645,9,18,29.004998464708198,1.277645999834931,213.53942900032052,53.92686230248307
1610844368,100,,Aggregated,20.000000,0.000000,18,31,44,51,65,76,92,190,210,210,210,6700,9,18,29.157033543580155,1.277645999834931,213.53942900032052,53.92746268656716
1610844369,100,,Aggregated,20.000000,0.000000,18,31,44,51,65,76,92,190,210,210,210,6700,9,18,29.157033543580155,1.277645999834931,213.53942900032052,53.92746268656716
1610844370,100,,Aggregated,20.000000,0.000000,18,31,44,51,65,76,92,190,210,210,210,6700,9,18,29.157033543580155,1.277645999834931,213.53942900032052,53.92746268656716
1610844371,100,,Aggregated,20.000000,0.000000,18,31,44,51,65,76,92,190,210,210,210,6704,9,18,29.146221753279686,1.277645999834931,213.53942900032052,53.92750596658711
1610844372,100,,Aggregated,20.000000,0.000000,18,32,45,52,65,76,92,190,210,210,210,6800,9,18,29.40963206117476,1.277645999834931,213.53942900032052,53.92852941176471
1610844373,100,,Aggregated,20.000000,0.000000,18,32,45,52,65,76,92,190,210,210,210,6800,9,18,29.40963206117476,1.277645999834931,213.53942900032052,53.92852941176471
1610844374,100,,Aggregated,20.000000,0.000000,18,32,45,52,65,76,92,190,210,210,210,6800,9,18,29.40963206117476,1.277645999834931,213.53942900032052,53.92852941176471
1610844375,100,,Aggregated,20.000000,0.000000,18,32,45,52,65,76,92,190,210,210,210,6800,9,18,29.40963206117476,1.277645999834931,213.53942900032052,53.92852941176471
1610844376,100,,Aggregated,20.000000,0.000000,19,32,45,52,65,75,92,190,210,210,210,6845,9,19,29.592502663548377,1.277645999834931,213.53942900032052,53.92899926953981
1610844377,100,,Aggregated,20.000000,0.000000,19,33,46,53,65,75,91,190,210,210,210,6900,9,19,29.770930852751725,1.277645999834931,213.53942900032052,53.92956521739131
1610844379,100,,Aggregated,20.000000,0.000000,19,33,46,53,65,75,91,190,210,210,210,6900,9,19,29.770930852751725,1.277645999834931,213.53942900032052,53.92956521739131
1610844380,100,,Aggregated,20.000000,0.000000,19,33,46,53,65,75,91,190,210,210,210,6900,9,19,29.770930852751725,1.277645999834931,213.53942900032052,53.92956521739131
1610844381,100,,Aggregated,20.000000,0.000000,19,33,46,53,65,75,91,190,210,210,210,6904,9,19,29.76007690483583,1.277645999834931,213.53942900032052,53.92960602549247
1610844382,100,,Aggregated,20.000000,0.000000,19,33,46,53,65,75,91,190,210,210,210,6946,9,19,29.845927493231244,1.277645999834931,213.53942900032052,53.93003167290527
1610844383,100,,Aggregated,20.000000,0.000000,19,33,47,53,65,75,90,190,210,210,210,7000,9,19,29.94411048356922,1.277645999834931,213.53942900032052,53.930571428571426
1610844384,100,,Aggregated,20.000000,0.000000,19,33,47,53,65,75,90,190,210,210,210,7000,9,19,29.94411048356922,1.277645999834931,213.53942900032052,53.930571428571426
1610844385,100,,Aggregated,20.000000,0.000000,19,33,47,53,65,75,90,190,210,210,210,7000,9,19,29.94411048356922,1.277645999834931,213.53942900032052,53.930571428571426
1610844386,100,,Aggregated,20.000000,0.000000,19,33,47,53,65,75,90,190,210,210,210,7004,9,19,29.93305782581164,1.277645999834931,213.53942900032052,53.93061107938321
1610844387,100,,Aggregated,20.000000,0.000000,19,33,46,53,65,75,90,190,210,210,210,7068,9,19,29.851531770088606,1.277645999834931,213.53942900032052,53.931239388794566
1610844388,100,,Aggregated,20.000000,0.000000,19,33,47,54,66,76,90,190,210,210,210,7100,9,19,30.086172458307985,1.277645999834931,213.53942900032052,53.93154929577465
1610844389,100,,Aggregated,20.000000,0.000000,19,33,47,54,66,76,90,190,210,210,210,7100,9,19,30.086172458307985,1.277645999834931,213.53942900032052,53.93154929577465
1610844390,100,,Aggregated,20.000000,0.000000,19,33,47,54,66,76,90,190,210,210,210,7100,9,19,30.086172458307985,1.277645999834931,213.53942900032052,53.93154929577465
1610844391,100,,Aggregated,20.000000,0.000000,19,33,47,54,66,76,90,190,210,210,210,7145,9,19,30.05495146409919,1.277645999834931,213.53942900032052,53.931980405878235
1610844393,100,,Aggregated,20.000000,0.000000,19,33,47,53,66,76,90,190,210,210,210,7200,9,19,30.063175777915188,1.277645999834931,213.53942900032052,53.9325
1610844394,100,,Aggregated,20.000000,0.000000,19,33,47,53,66,76,90,190,210,210,210,7200,9,19,30.063175777915188,1.277645999834931,213.53942900032052,53.9325
1610844395,100,,Aggregated,20.000000,0.000000,19,33,47,53,66,76,90,190,210,210,210,7200,9,19,30.063175777915188,1.277645999834931,213.53942900032052,53.9325
1610844396,100,,Aggregated,20.000000,0.000000,19,33,47,53,66,76,90,190,210,210,210,7204,9,19,30.05571845294133,1.277645999834931,213.53942900032052,53.93253747917824
1610844397,100,,Aggregated,20.000000,0.000000,19,33,47,53,65,76,90,190,210,210,210,7245,9,19,30.06216257432581,1.277645999834931,213.53942900032052,53.93291925465839
1610844398,100,,Aggregated,20.000000,0.000000,19,34,47,54,66,76,90,190,210,210,210,7300,9,19,30.220726979176955,1.277645999834931,213.53942900032052,53.933424657534246
1610844399,100,,Aggregated,20.000000,0.000000,19,34,47,54,66,76,90,190,210,210,210,7300,9,19,30.220726979176955,1.277645999834931,213.53942900032052,53.933424657534246
1610844400,100,,Aggregated,20.000000,0.000000,19,34,47,54,66,76,90,190,210,210,210,7300,9,19,30.220726979176955,1.277645999834931,213.53942900032052,53.933424657534246
1610844401,100,,Aggregated,20.000000,0.000000,19,34,47,54,66,76,89,190,210,210,210,7304,9,19,30.21279955476351,1.277645999834931,213.53942900032052,53.93346111719606
1610844402,100,,Aggregated,20.000000,0.000000,20,34,47,54,66,76,92,190,210,210,210,7374,9,20,30.351813329128216,1.277645999834931,213.53942900032052,53.934092758340114
1610844403,100,,Aggregated,20.000000,0.000000,20,34,47,54,66,78,100,190,210,210,210,7400,9,20,30.620204772566765,1.277645999834931,213.53942900032052,53.93432432432432
1610844405,100,,Aggregated,20.000000,0.000000,20,34,47,54,66,78,100,190,210,210,210,7400,9,20,30.620204772566765,1.277645999834931,213.53942900032052,53.93432432432432
1610844406,100,,Aggregated,20.000000,0.000000,20,34,47,54,66,78,100,190,210,210,210,7400,9,20,30.620204772566765,1.277645999834931,213.53942900032052,53.93432432432432
1610844407,100,,Aggregated,20.000000,0.000000,20,35,48,54,66,77,100,190,210,210,210,7445,9,20,30.771538219743956,1.277645999834931,213.53942900032052,53.93472128945601
1610844408,100,,Aggregated,20.000000,0.000000,20,35,48,54,66,77,100,190,210,210,210,7500,9,20,30.73969789013278,1.277645999834931,213.53942900032052,53.9352
1610844409,100,,Aggregated,20.000000,0.000000,20,35,48,54,66,77,100,190,210,210,210,7500,9,20,30.73969789013278,1.277645999834931,213.53942900032052,53.9352
1610844410,100,,Aggregated,20.000000,0.000000,20,35,48,54,66,77,100,190,210,210,210,7500,9,20,30.73969789013278,1.277645999834931,213.53942900032052,53.9352
1610844411,100,,Aggregated,20.000000,0.000000,20,35,48,54,66,77,100,190,210,210,210,7504,9,20,30.73254066204641,1.277645999834931,213.53942900032052,53.93523454157783
1610844412,100,,Aggregated,20.000000,0.000000,20,35,48,54,66,77,100,190,210,210,210,7545,9,20,30.76561720304776,1.277645999834931,213.53942900032052,53.93558648111332
1610844413,100,,Aggregated,20.000000,0.000000,20,35,48,54,66,78,100,190,210,210,210,7600,9,20,30.862922873551817,1.277645999834931,213.53942900032052,53.936052631578946
1610844414,100,,Aggregated,20.000000,0.000000,20,35,48,54,66,78,100,190,210,210,210,7600,9,20,30.862922873551817,1.277645999834931,213.53942900032052,53.936052631578946
1610844415,100,,Aggregated,20.000000,0.000000,20,35,48,54,66,78,100,190,210,210,210,7600,9,20,30.862922873551817,1.277645999834931,213.53942900032052,53.936052631578946
1610844417,100,,Aggregated,20.000000,0.000000,20,35,48,54,66,78,100,190,210,210,210,7604,9,20,30.85520218292921,1.277645999834931,213.53942900032052,53.93608627038401
1610844418,100,,Aggregated,20.000000,0.000000,21,36,48,54,66,78,100,190,210,210,210,7682,9,21,30.93334213147519,1.277645999834931,213.53942900032052,53.93673522520177
1610844419,100,,Aggregated,20.000000,0.000000,21,36,48,54,66,78,100,190,210,210,210,7700,9,21,30.949835598700428,1.277645999834931,213.53942900032052,53.936883116883116
1610844420,100,,Aggregated,20.000000,0.000000,21,36,48,54,66,78,100,190,210,210,210,7700,9,21,30.949835598700428,1.277645999834931,213.53942900032052,53.936883116883116
1610844421,100,,Aggregated,20.000000,0.000000,21,36,48,54,66,78,100,190,210,210,210,7700,9,21,30.949835598700428,1.277645999834931,213.53942900032052,53.936883116883116
1610844422,100,,Aggregated,20.000000,0.000000,21,36,48,55,67,79,100,190,210,210,210,7745,9,21,31.202597269334078,1.277645999834931,213.53942900032052,53.93724983860555
1610844423,100,,Aggregated,20.000000,0.000000,21,36,48,55,67,79,99,190,210,210,210,7800,9,21,31.173027773076093,1.277645999834931,213.53942900032052,53.93769230769231
1610844424,100,,Aggregated,20.000000,0.000000,21,36,48,55,67,79,99,190,210,210,210,7800,9,21,31.173027773076093,1.277645999834931,213.53942900032052,53.93769230769231
1610844425,100,,Aggregated,20.000000,0.000000,21,36,48,55,67,79,99,190,210,210,210,7800,9,21,31.173027773076093,1.277645999834931,213.53942900032052,53.93769230769231
1610844426,100,,Aggregated,20.000000,0.000000,21,36,48,55,67,79,99,190,210,210,210,7804,9,21,31.16270083764657,1.277645999834931,213.53942900032052,53.93772424397745
1610844427,100,,Aggregated,20.000000,0.000000,21,36,48,55,67,79,99,190,210,210,210,7845,9,21,31.28700353868635,1.277645999834931,213.53942900032052,53.93804971319312
1610844428,100,,Aggregated,20.000000,0.000000,21,36,48,55,67,80,100,190,210,210,210,7900,9,21,31.424191520378834,1.277645999834931,213.53942900032052,53.93848101265823
1610844430,100,,Aggregated,20.000000,0.000000,21,36,48,55,67,80,100,190,210,210,210,7900,9,21,31.424191520378834,1.277645999834931,213.53942900032052,53.93848101265823
1610844431,100,,Aggregated,20.000000,0.000000,21,36,48,55,67,80,100,190,210,210,210,7900,9,21,31.424191520378834,1.277645999834931,213.53942900032052,53.93848101265823
1610844432,100,,Aggregated,20.000000,0.000000,21,36,48,55,67,80,99,190,210,210,210,7904,9,21,31.415735715965724,1.277645999834931,213.53942900032052,53.93851214574899
1610844433,100,,Aggregated,20.000000,0.000000,21,37,48,55,67,80,99,190,210,210,210,8000,9,21,31.449256155249092,1.277645999834931,213.53942900032052,53.93925
1610844434,100,,Aggregated,20.000000,0.000000,21,37,48,55,67,80,99,190,210,210,210,8000,9,21,31.449256155249092,1.277645999834931,213.53942900032052,53.93925
1610844435,100,,Aggregated,20.000000,0.000000,21,37,48,55,67,80,99,190,210,210,210,8000,9,21,31.449256155249092,1.277645999834931,213.53942900032052,53.93925
1610844436,100,,Aggregated,20.000000,0.000000,21,37,48,55,67,80,99,190,210,210,210,8000,9,21,31.449256155249092,1.277645999834931,213.53942900032052,53.93925
1610844437,100,,Aggregated,20.000000,0.000000,22,37,49,55,67,80,99,190,210,210,210,8045,9,22,31.594063951770053,1.277645999834931,213.53942900032052,53.939589807333746
1610844438,100,,Aggregated,20.000000,0.000000,22,37,49,55,67,79,99,190,210,210,210,8100,9,22,31.5938464683937,1.277645999834931,213.53942900032052,53.94
1610844439,100,,Aggregated,20.000000,0.000000,22,37,49,55,67,79,99,190,210,210,210,8100,9,22,31.5938464683937,1.277645999834931,213.53942900032052,53.94
1610844440,100,,Aggregated,20.000000,0.000000,22,37,49,55,67,79,99,190,210,210,210,8100,9,22,31.5938464683937,1.277645999834931,213.53942900032052,53.94
1610844442,100,,Aggregated,20.000000,0.000000,22,37,49,55,67,79,98,180,210,210,210,8104,9,22,31.586615793063807,1.277645999834931,213.53942900032052,53.94002961500494
1610844443,100,,Aggregated,20.000000,0.000000,22,37,49,55,67,79,98,180,210,210,210,8145,9,22,31.56346107219019,1.277645999834931,213.53942900032052,53.940331491712705
1610844444,100,,Aggregated,20.000000,0.000000,22,37,49,55,67,80,99,180,210,210,210,8200,9,22,31.657838325120455,1.277645999834931,213.53942900032052,53.94073170731707
1610844445,100,,Aggregated,20.000000,0.000000,22,37,49,55,67,80,99,180,210,210,210,8200,9,22,31.657838325120455,1.277645999834931,213.53942900032052,53.94073170731707
1610844446,100,,Aggregated,20.000000,0.000000,22,37,49,55,67,80,99,180,210,210,210,8200,9,22,31.657838325120455,1.277645999834931,213.53942900032052,53.94073170731707
1610844447,100,,Aggregated,20.000000,0.000000,22,37,49,55,67,80,99,180,210,210,210,8204,9,22,31.649931222816623,1.277645999834931,213.53942900032052,53.94076060458313
1610844448,100,,Aggregated,20.000000,0.000000,22,38,49,55,67,81,100,180,210,210,210,8300,9,22,32.0333401569868,1.277645999834931,213.53942900032052,53.94144578313253
1610844449,100,,Aggregated,20.000000,0.000000,22,38,49,55,67,81,100,180,210,210,210,8300,9,22,32.0333401569868,1.277645999834931,213.53942900032052,53.94144578313253
1610844450,100,,Aggregated,20.000000,0.000000,22,38,49,55,67,81,100,180,210,210,210,8300,9,22,32.0333401569868,1.277645999834931,213.53942900032052,53.94144578313253
1610844451,100,,Aggregated,20.000000,0.000000,22,38,49,55,67,81,100,180,210,210,210,8300,9,22,32.0333401569868,1.277645999834931,213.53942900032052,53.94144578313253
1610844452,100,,Aggregated,20.000000,0.000000,23,39,50,56,68,81,100,180,210,220,220,8345,9,23,32.20286294595447,1.277645999834931,223.98728100006338,53.941761533852606
1610844454,100,,Aggregated,20.000000,0.000000,23,39,50,56,68,80,100,180,210,220,220,8400,9,23,32.363494616784145,1.277645999834931,223.98728100006338,53.942142857142855
1610844455,100,,Aggregated,20.000000,0.000000,23,39,50,56,68,80,100,180,210,220,220,8400,9,23,32.363494616784145,1.277645999834931,223.98728100006338,53.942142857142855
1610844456,100,,Aggregated,20.000000,0.000000,23,39,50,56,68,80,100,180,210,220,220,8400,9,23,32.363494616784145,1.277645999834931,223.98728100006338,53.942142857142855
1610844457,100,,Aggregated,20.000000,0.000000,23,39,50,56,68,80,100,180,210,220,220,8404,9,23,32.355902277485306,1.277645999834931,223.98728100006338,53.94217039504998
1610844458,100,,Aggregated,20.000000,0.000000,23,39,50,56,68,80,100,180,210,220,220,8445,9,23,32.437439599998214,1.277645999834931,223.98728100006338,53.94245115452931
1610844459,100,,Aggregated,20.000000,0.000000,23,40,51,56,68,80,100,180,210,220,220,8500,9,23,32.60547815835105,1.277645999834931,223.98728100006338,53.94282352941176
1610844460,100,,Aggregated,20.000000,0.000000,23,40,51,56,68,80,100,180,210,220,220,8500,9,23,32.60547815835105,1.277645999834931,223.98728100006338,53.94282352941176
1610844461,100,,Aggregated,20.000000,0.000000,23,40,51,56,68,80,100,180,210,220,220,8500,9,23,32.60547815835105,1.277645999834931,223.98728100006338,53.94282352941176
1610844462,100,,Aggregated,20.000000,0.000000,23,40,51,56,68,80,100,180,210,220,220,8504,10,23,32.59358276493222,1.277645999834931,223.98728100006338,53.93650047036689
1610844463,100,,Aggregated,20.000000,0.000000,24,40,51,56,68,80,100,180,210,220,220,8600,10,24,32.711010712672284,1.277645999834931,223.98728100006338,53.937209302325584
1610844464,100,,Aggregated,20.000000,0.000000,24,40,51,56,68,80,100,180,210,220,220,8600,10,24,32.711010712672284,1.277645999834931,223.98728100006338,53.937209302325584
1610844465,100,,Aggregated,20.000000,0.000000,24,40,51,56,68,80,100,180,210,220,220,8600,10,24,32.711010712672284,1.277645999834931,223.98728100006338,53.937209302325584
1610844467,100,,Aggregated,20.000000,0.100000,24,40,51,56,68,80,100,180,210,220,220,8601,10,24,32.72988368201159,1.277645999834931,223.98728100006338,53.93721660272061
1610844468,100,,Aggregated,20.000000,0.100000,24,40,51,56,68,80,100,180,210,220,220,8645,10,24,32.8756072951975,1.277645999834931,223.98728100006338,53.93753614806246
1610844469,100,,Aggregated,20.000000,0.100000,24,40,51,56,68,80,100,180,210,220,220,8700,10,24,32.87862546057244,1.277645999834931,223.98728100006338,53.93793103448276
1610844470,100,,Aggregated,20.000000,0.100000,24,40,51,56,68,80,100,180,210,220,220,8700,10,24,32.87862546057244,1.277645999834931,223.98728100006338,53.93793103448276
1610844471,100,,Aggregated,20.000000,0.100000,24,40,51,56,68,80,100,180,210,220,220,8700,10,24,32.87862546057244,1.277645999834931,223.98728100006338,53.93793103448276
1610844472,100,,Aggregated,20.000000,0.100000,24,40,51,56,68,80,100,180,210,220,220,8704,10,24,32.86697050976335,1.277645999834931,223.98728100006338,53.93795955882353
1610844473,100,,Aggregated,20.000000,0.100000,24,41,51,56,68,80,100,180,210,220,220,8745,10,24,32.92843478112965,1.277645999834931,223.98728100006338,53.93825042881647
1610844474,100,,Aggregated,20.000000,0.100000,24,41,51,57,68,82,100,180,210,220,220,8800,10,24,33.32429122056609,1.277645999834931,223.98728100006338,53.93863636363636
1610844475,100,,Aggregated,20.000000,0.100000,24,41,51,57,68,82,100,180,210,220,220,8800,10,24,33.32429122056609,1.277645999834931,223.98728100006338,53.93863636363636
1610844476,100,,Aggregated,20.000000,0.100000,24,41,51,57,68,82,100,180,210,220,220,8800,10,24,33.32429122056609,1.277645999834931,223.98728100006338,53.93863636363636
1610844478,100,,Aggregated,20.000000,0.000000,24,41,51,57,68,82,100,180,210,220,220,8804,10,24,33.31246639743096,1.277645999834931,223.98728100006338,53.93866424352567
1610844479,100,,Aggregated,20.000000,0.000000,25,42,52,58,70,83,100,180,210,220,220,8900,10,25,33.88763907898668,1.277645999834931,223.98728100006338,53.93932584269663
1610844480,100,,Aggregated,20.000000,0.000000,25,42,52,58,70,83,100,180,210,220,220,8900,10,25,33.88763907898668,1.277645999834931,223.98728100006338,53.93932584269663
1610844481,100,,Aggregated,20.000000,0.000000,25,42,52,58,70,83,100,180,210,220,220,8900,10,25,33.88763907898668,1.277645999834931,223.98728100006338,53.93932584269663
1610844482,100,,Aggregated,20.000000,0.000000,25,42,52,58,70,83,100,180,210,220,220,8904,10,25,33.87602638544264,1.277645999834931,223.98728100006338,53.93935309973046
1610844483,100,,Aggregated,20.000000,0.000000,25,42,52,58,70,83,100,180,210,220,220,8945,10,25,33.97860796590069,1.277645999834931,223.98728100006338,53.93963107881498
1610844484,100,,Aggregated,20.000000,0.000000,25,43,53,58,70,83,100,180,210,220,220,9000,10,25,34.114213357109115,1.277645999834931,223.98728100006338,53.94
1610844485,100,,Aggregated,20.000000,0.000000,25,43,53,58,70,83,100,180,210,220,220,9000,10,25,34.114213357109115,1.277645999834931,223.98728100006338,53.94
1610844486,100,,Aggregated,20.000000,0.000000,25,43,53,58,70,83,100,180,210,220,220,9000,10,25,34.114213357109115,1.277645999834931,223.98728100006338,53.94
1610844487,100,,Aggregated,20.000000,0.000000,25,43,53,58,70,83,100,180,210,220,220,9004,11,25,34.10219345535118,1.277645999834931,223.98728100006338,53.93402932030209
1610844489,100,,Aggregated,20.000000,0.000000,25,43,53,58,70,83,100,180,210,220,220,9045,11,25,34.156529547261464,1.277645999834931,223.98728100006338,53.93432835820896
1610844490,100,,Aggregated,20.000000,0.000000,26,43,53,58,71,85,110,180,210,220,220,9100,11,26,34.62508197911887,1.277645999834931,223.98728100006338,53.934725274725274
1610844491,100,,Aggregated,20.000000,0.000000,26,43,53,58,71,85,110,180,210,220,220,9100,11,26,34.62508197911887,1.277645999834931,223.98728100006338,53.934725274725274
1610844492,100,,Aggregated,20.000000,0.100000,26,43,53,58,71,85,110,180,210,220,220,9104,11,26,34.61350942080212,1.277645999834931,223.98728100006338,53.9347539543058
1610844493,100,,Aggregated,20.000000,0.100000,26,43,53,58,71,85,110,180,210,220,220,9107,11,26,34.60497026616697,1.277645999834931,223.98728100006338,53.934775447458
1610844494,100,,Aggregated,20.000000,0.100000,26,44,54,59,72,87,110,180,210,220,220,9200,11,26,35.03235644151986,1.277645999834931,223.98728100006338,53.935434782608695
1610844495,100,,Aggregated,20.000000,0.100000,26,44,54,59,72,87,110,180,210,220,220,9200,11,26,35.03235644151986,1.277645999834931,223.98728100006338,53.935434782608695
1610844496,100,,Aggregated,20.000000,0.100000,26,44,54,59,72,87,110,180,210,220,220,9200,11,26,35.03235644151986,1.277645999834931,223.98728100006338,53.935434782608695
1610844497,100,,Aggregated,20.000000,0.100000,26,44,54,59,72,87,110,180,210,220,220,9204,11,26,35.02027930388768,1.277645999834931,223.98728100006338,53.9354628422425
1610844498,100,,Aggregated,20.000000,0.100000,26,44,54,59,72,87,110,180,210,220,220,9245,11,26,35.1400859821504,1.277645999834931,223.98728100006338,53.93574905354246
1610844499,100,,Aggregated,20.000000,0.100000,26,45,55,60,73,89,110,180,210,220,220,9300,11,26,35.41270300913794,1.277645999834931,223.98728100006338,53.936129032258066
1610844500,100,,Aggregated,20.000000,0.100000,26,45,55,60,73,89,110,180,210,220,220,9300,11,26,35.41270300913794,1.277645999834931,223.98728100006338,53.936129032258066
1610844502,100,,Aggregated,20.000000,0.100000,26,45,55,60,73,89,110,180,210,220,220,9300,11,26,35.41270300913794,1.277645999834931,223.98728100006338,53.936129032258066
1610844503,100,,Aggregated,20.000000,0.000000,26,45,55,60,73,89,110,180,210,220,220,9304,11,26,35.400552591464184,1.277645999834931,223.98728100006338,53.93615649183147
1610844504,100,,Aggregated,20.000000,0.000000,27,45,55,60,73,89,110,180,210,220,220,9345,11,27,35.42819006773492,1.277645999834931,223.98728100006338,53.936436597110756
1610844505,100,,Aggregated,20.000000,0.000000,27,45,55,60,73,89,110,180,210,220,220,9400,11,27,35.57003903680661,1.277645999834931,223.98728100006338,53.9368085106383
1610844506,100,,Aggregated,20.000000,0.000000,27,45,55,60,73,89,110,180,210,220,220,9400,11,27,35.57003903680661,1.277645999834931,223.98728100006338,53.9368085106383
1610844507,100,,Aggregated,20.000000,0.000000,27,45,55,60,73,89,110,180,210,220,220,9404,11,27,35.55803698106991,1.277645999834931,223.98728100006338,53.936835389196084
1610844508,100,,Aggregated,20.000000,0.000000,27,45,55,60,73,89,110,180,210,220,220,9407,11,27,35.54934844923797,1.277645999834931,223.98728100006338,53.936855533113636
1610844509,100,,Aggregated,20.000000,0.000000,27,46,55,60,74,90,110,180,210,220,220,9500,11,27,35.85128297473476,1.277645999834931,223.98728100006338,53.937473684210524
1610844510,100,,Aggregated,20.000000,0.000000,27,46,55,60,74,90,110,180,210,220,220,9500,11,27,35.85128297473476,1.277645999834931,223.98728100006338,53.937473684210524
1610844511,100,,Aggregated,20.000000,0.000000,27,46,55,60,74,90,110,180,210,220,220,9500,11,27,35.85128297473476,1.277645999834931,223.98728100006338,53.937473684210524
1610844513,100,,Aggregated,20.000000,0.000000,27,46,55,60,74,90,110,180,210,220,220,9504,11,27,35.839657666769845,1.277645999834931,223.98728100006338,53.9375
1610844514,100,,Aggregated,20.000000,0.000000,27,46,55,60,73,90,110,180,210,220,220,9545,11,27,35.88836709575488,1.277645999834931,223.98728100006338,53.93776846516501
1610844515,100,,Aggregated,20.000000,0.000000,28,46,56,60,73,90,110,180,210,220,220,9600,11,28,35.99956370333114,1.277645999834931,223.98728100006338,53.938125
1610844516,100,,Aggregated,20.000000,0.000000,28,46,56,60,73,90,110,180,210,220,220,9600,11,28,35.99956370333114,1.277645999834931,223.98728100006338,53.938125
1610844517,100,,Aggregated,20.000000,0.000000,28,46,55,60,73,89,110,180,210,220,220,9601,11,28,35.99637969721686,1.277645999834931,223.98728100006338,53.938131444641186
1610844518,100,,Aggregated,20.000000,0.000000,28,46,56,60,73,89,110,180,210,220,220,9607,11,28,35.99661094597469,1.277645999834931,223.98728100006338,53.93817008431352
1610844519,100,,Aggregated,20.000000,0.000000,28,47,56,60,73,89,110,180,210,220,220,9645,11,28,36.07832294390638,1.277645999834931,223.98728100006338,53.93841368584759
1610844520,100,,Aggregated,20.000000,0.000000,28,47,56,61,74,93,110,180,210,220,220,9700,11,28,36.50723793772963,1.277645999834931,223.98728100006338,53.938762886597935
1610844521,100,,Aggregated,20.000000,0.000000,28,47,56,61,74,93,110,180,210,220,220,9700,11,28,36.50723793772963,1.277645999834931,223.98728100006338,53.938762886597935
1610844522,100,,Aggregated,20.000000,0.000000,28,47,56,61,74,93,110,180,210,220,220,9704,11,28,36.49529665055413,1.277645999834931,223.98728100006338,53.93878812860676
1610844524,100,,Aggregated,20.000000,0.000000,28,47,56,61,74,93,110,180,210,220,220,9708,11,28,36.48248641038092,1.277645999834931,223.98728100006338,53.93881334981459
1610844525,100,,Aggregated,20.000000,0.000000,28,48,57,61,76,94,110,180,210,220,220,9800,11,28,36.88922351458929,1.277645999834931,223.98728100006338,53.93938775510204
1610844526,100,,Aggregated,20.000000,0.000000,28,48,57,61,76,94,110,180,210,220,220,9800,11,28,36.88922351458929,1.277645999834931,223.98728100006338,53.93938775510204
1610844527,100,,Aggregated,20.000000,0.000000,28,48,57,61,76,94,110,180,210,220,220,9801,11,28,36.88600503060659,1.277645999834931,223.98728100006338,53.93939393939394
1610844528,100,,Aggregated,20.000000,0.000000,28,48,57,61,76,94,110,180,210,220,220,9804,11,28,36.87749141003421,1.277645999834931,223.98728100006338,53.93941248470012
1610844529,100,,Aggregated,20.000000,0.000000,29,48,57,61,75,94,110,180,210,220,220,9845,11,29,36.991324675670306,1.277645999834931,223.98728100006338,53.939664804469274
1610844530,100,,Aggregated,20.000000,0.000000,29,48,57,62,75,94,110,180,210,220,220,9900,11,29,37.08814155383572,1.277645999834931,223.98728100006338,53.94
1610844531,100,,Aggregated,20.000000,0.000000,29,48,57,62,75,94,110,180,210,220,220,9900,11,29,37.08814155383572,1.277645999834931,223.98728100006338,53.94
1610844532,100,,Aggregated,20.000000,0.000000,29,48,57,62,75,94,110,160,210,220,220,9904,11,29,37.07624302130185,1.277645999834931,223.98728100006338,53.94002423263328
1610844533,100,,Aggregated,20.000000,0.000000,29,48,57,62,75,94,110,160,210,220,220,9908,11,29,37.06629919741353,1.277645999834931,223.98728100006338,53.94004844570044
1610844534,100,,Aggregated,20.000000,0.000000,29,48,57,61,75,94,110,160,210,220,220,9947,11,29,37.100815508391875,1.277645999834931,223.98728100006338,53.94028350256359
1610844536,100,,Aggregated,20.000000,0.000000,29,49,57,62,76,95,110,160,210,220,220,10000,11,29,37.33910194979766,1.277645999834931,223.98728100006338,53.9406
1610844537,100,,Aggregated,20.000000,0.000000,29,49,57,62,76,95,110,160,210,220,220,10000,11,29,37.33910194979766,1.277645999834931,223.98728100006338,53.9406
1610844538,100,,Aggregated,14.700000,0.000000,29,49,57,62,76,95,110,130,210,210,220,10004,11,29,37.32725551729072,1.277645999834931,223.98728100006338,53.9406237504998
1610844539,100,,Aggregated,20.000000,0.000000,29,49,57,62,76,95,110,130,210,210,220,10009,11,29,37.31409650744094,1.277645999834931,223.98728100006338,53.94065341192926
1610844540,100,,Aggregated,20.000000,0.000000,30,49,58,62,76,95,110,130,210,210,220,10100,11,30,37.64598630484925,1.277645999834931,223.98728100006338,53.94118811881188
1610844541,100,,Aggregated,20.000000,0.000000,30,49,58,62,76,95,110,130,210,210,220,10100,11,30,37.64598630484925,1.277645999834931,223.98728100006338,53.94118811881188
1610844542,100,,Aggregated,14.700000,0.000000,30,49,58,62,76,95,110,130,210,210,220,10104,11,30,37.63424612618543,1.277645999834931,223.98728100006338,53.94121140142518
1610844543,100,,Aggregated,20.000000,0.000000,30,49,58,62,76,95,110,130,210,210,220,10107,11,30,37.627573612246714,1.277645999834931,223.98728100006338,53.941228851291186
1610844544,100,,Aggregated,20.000000,0.000000,30,49,58,62,76,95,110,130,210,210,220,10147,11,30,37.7093355329635,1.277645999834931,223.98728100006338,53.94146053020597
1610844545,100,,Aggregated,20.000000,0.000000,30,50,58,62,76,95,110,130,210,210,220,10200,11,30,37.80892325705702,1.277645999834931,223.98728100006338,53.941764705882356
1610844547,100,,Aggregated,20.000000,0.000000,30,50,58,62,76,95,110,130,210,210,220,10200,11,30,37.80892325705702,1.277645999834931,223.98728100006338,53.941764705882356
1610844548,100,,Aggregated,20.000000,0.000000,30,50,58,62,76,94,110,130,210,210,220,10204,11,30,37.79734830370263,1.277645999834931,223.98728100006338,53.941787534300275
1610844549,100,,Aggregated,20.000000,0.000000,30,50,58,62,76,94,110,130,210,210,220,10209,11,30,37.784212793807455,1.277645999834931,223.98728100006338,53.941816044666474
1610844550,100,,Aggregated,20.000000,0.000000,30,50,58,62,76,94,110,130,210,210,220,10251,11,30,37.780208698954375,1.277645999834931,223.98728100006338,53.942054433713785
1610844551,100,,Aggregated,20.000000,0.000000,31,50,58,63,77,97,110,130,210,210,220,10300,11,31,38.099271999998166,1.277645999834931,223.98728100006338,53.94233009708738
1610844552,100,,Aggregated,20.000000,0.000000,31,50,58,63,77,97,110,130,210,210,220,10301,11,31,38.09612803795567,1.277645999834931,223.98728100006338,53.942335695563536
1610844553,100,,Aggregated,20.000000,0.000000,31,50,58,63,77,97,110,130,210,210,220,10307,11,31,38.079770279031756,1.277645999834931,223.98728100006338,53.942369263607254
1610844554,100,,Aggregated,20.000000,0.000000,31,50,58,63,77,97,110,130,210,210,220,10311,11,31,38.06732037280382,1.277645999834931,223.98728100006338,53.94239162059936
1610844555,100,,Aggregated,20.000000,0.000000,31,50,59,63,78,97,110,130,210,210,220,10400,11,31,38.37933816720984,1.277645999834931,223.98728100006338,53.942884615384614
1610844556,100,,Aggregated,20.000000,0.000000,31,50,59,63,78,97,110,130,210,210,220,10400,11,31,38.37933816720984,1.277645999834931,223.98728100006338,53.942884615384614
1610844557,100,,Aggregated,20.000000,0.000000,31,50,59,63,78,97,110,130,210,210,220,10404,11,31,38.367468701363144,1.277645999834931,223.98728100006338,53.94290657439446
1610844559,100,,Aggregated,20.000000,0.000000,31,50,59,63,78,97,110,130,210,210,220,10408,11,31,38.35747823491376,1.277645999834931,223.98728100006338,53.94292851652575
1610844560,100,,Aggregated,20.000000,0.000000,31,50,59,63,78,97,110,130,210,210,220,10449,11,31,38.41521828241774,1.277645999834931,223.98728100006338,53.94315245478036
1610844561,100,,Aggregated,20.000000,0.000000,31,51,59,63,78,97,110,130,210,210,220,10500,11,31,38.53475071952213,1.277645999834931,223.98728100006338,53.94342857142857
1610844562,100,,Aggregated,20.000000,0.000000,31,51,59,63,78,97,110,120,210,210,220,10501,11,31,38.53165522264381,1.277645999834931,223.98728100006338,53.9434339586706
1610844563,100,,Aggregated,20.000000,0.000000,31,51,59,63,78,97,110,120,210,210,220,10504,11,31,38.52218323143397,1.277645999834931,223.98728100006338,53.9434501142422
1610844564,100,,Aggregated,20.000000,0.000000,31,51,59,63,78,97,110,120,210,210,220,10509,11,31,38.50870332771736,1.277645999834931,223.98728100006338,53.943477019697404
1610844565,100,,Aggregated,20.000000,0.000000,31,51,59,63,78,97,110,120,210,210,220,10554,11,31,38.48663106196535,1.277645999834931,223.98728100006338,53.94371802160318
1610844566,100,,Aggregated,20.000000,0.000000,32,51,59,64,79,99,110,120,210,210,220,10600,11,32,38.780242624243584,1.277645999834931,223.98728100006338,53.94396226415094
1610844567,100,,Aggregated,20.000000,0.000000,32,51,59,64,79,99,110,120,210,210,220,10604,11,32,38.76858691352143,1.277645999834931,223.98728100006338,53.94398340248963
1610844568,100,,Aggregated,20.000000,0.000000,32,51,59,64,79,99,110,120,210,210,220,10608,11,32,38.758725874715445,1.277645999834931,223.98728100006338,53.94400452488688
1610844570,100,,Aggregated,20.000000,0.000000,32,51,59,64,79,99,110,120,210,210,220,10611,11,32,38.749474612947076,1.277645999834931,223.98728100006338,53.9440203562341
1610844571,100,,Aggregated,20.000000,0.000000,32,51,60,64,80,100,110,120,210,210,220,10700,11,32,39.08578184962412,1.277645999834931,223.98728100006338,53.94448598130841
1610844572,100,,Aggregated,20.000000,0.000000,32,51,60,64,80,100,110,120,210,210,220,10700,11,32,39.08578184962412,1.277645999834931,223.98728100006338,53.94448598130841
1610844573,100,,Aggregated,16.400000,0.000000,32,51,60,64,80,100,110,120,210,210,220,10704,11,32,39.074381595849935,1.277645999834931,223.98728100006338,53.9445067264574
1610844574,100,,Aggregated,20.000000,0.000000,32,51,60,64,80,100,110,120,210,210,220,10708,11,32,39.064489381581794,1.277645999834931,223.98728100006338,53.944527456107586
1610844575,100,,Aggregated,20.000000,0.000000,32,51,60,64,80,100,110,120,210,210,220,10751,11,32,39.01242614491466,1.277645999834931,223.98728100006338,53.944749325644125
1610844576,100,,Aggregated,20.000000,0.000000,32,51,60,64,79,100,110,120,210,210,220,10800,11,32,39.07775775481296,1.277645999834931,223.98728100006338,53.945
1610844577,100,,Aggregated,16.400000,0.000000,32,51,60,64,79,100,110,120,210,210,220,10804,11,32,39.066171426691966,1.277645999834931,223.98728100006338,53.94502036282858
1610844578,100,,Aggregated,16.400000,0.000000,32,51,60,64,79,100,110,120,210,210,220,10804,11,32,39.066171426691966,1.277645999834931,223.98728100006338,53.94502036282858
1610844579,100,,Aggregated,20.000000,0.000000,32,51,60,64,79,100,110,120,210,210,220,10811,11,32,39.061985024695254,1.277645999834931,223.98728100006338,53.94505596152067
1610844581,100,,Aggregated,20.000000,0.000000,32,51,60,64,79,100,110,120,210,210,220,10854,11,32,39.04004849060062,1.277645999834931,223.98728100006338,53.9452736318408
1610844582,100,,Aggregated,20.000000,0.000000,32,52,60,64,80,100,110,130,210,210,220,10900,11,32,39.37326387091546,1.277645999834931,223.98728100006338,53.945504587155966
1610844583,100,,Aggregated,20.000000,0.000000,32,51,60,64,80,100,110,130,210,210,220,10904,11,32,39.36172677650202,1.277645999834931,223.98728100006338,53.945524578136464
1610844584,100,,Aggregated,15.400000,0.000000,32,51,60,64,80,100,110,130,210,210,220,10908,11,32,39.35112814218718,1.277645999834931,223.98728100006338,53.945544554455445
1610844585,100,,Aggregated,20.000000,0.000000,32,51,60,64,80,100,110,130,210,210,220,10926,11,32,39.432108541092575,1.277645999834931,223.98728100006338,53.94563426688632
1610844586,100,,Aggregated,20.000000,0.000000,33,52,60,65,81,100,110,180,270,280,280,11000,11,33,39.85617181508897,1.277645999834931,282.81518599987976,53.946
1610844587,100,,Aggregated,20.000000,0.000000,33,52,60,65,81,100,110,180,270,280,280,11001,11,33,39.853065690753446,1.277645999834931,282.81518599987976,53.94600490864467
1610844588,100,,Aggregated,20.000000,0.000000,33,52,60,65,81,100,110,180,270,280,280,11004,11,32,39.84371790566874,1.277645999834931,282.81518599987976,53.94601962922574
1610844589,100,,Aggregated,20.000000,0.000000,32,52,60,65,81,100,110,180,270,280,280,11009,11,32,39.83511896893257,1.277645999834931,282.81518599987976,53.94604414569898
1610844590,100,,Aggregated,20.000000,0.000000,33,52,60,65,81,100,110,180,270,280,280,11054,11,33,39.978730398586976,1.277645999834931,282.81518599987976,53.94626379591098
1610844591,100,,Aggregated,20.000000,0.000000,33,52,60,65,81,100,110,180,270,280,280,11100,11,33,40.01295194576384,1.277645999834931,282.81518599987976,53.946486486486485
1610844593,100,,Aggregated,19.800000,0.000000,33,52,60,65,81,100,110,180,270,280,280,11104,11,33,40.001401135624896,1.277645999834931,282.81518599987976,53.94650576368876
1610844594,100,,Aggregated,20.000000,0.000000,33,52,60,65,81,100,110,180,270,280,280,11108,11,33,39.990670298341676,1.277645999834931,282.81518599987976,53.94652502700756
1610844595,100,,Aggregated,20.000000,0.000000,33,52,60,65,81,100,110,180,270,280,280,11117,11,33,39.96646141251946,1.277645999834931,282.81518599987976,53.94656831879104
1610844596,100,,Aggregated,20.000000,0.000000,33,52,60,65,81,100,110,180,270,280,280,11159,11,33,39.94458621632563,1.277645999834931,282.81518599987976,53.94676942378349
1610844597,100,,Aggregated,19.800000,0.000000,33,52,60,65,82,100,110,180,270,280,280,11201,11,33,40.169866108202676,1.277645999834931,282.81518599987976,53.94696902062316
1610844598,100,,Aggregated,19.800000,0.000000,33,52,60,65,82,100,110,180,270,280,280,11204,11,33,40.16132168644937,1.277645999834931,282.81518599987976,53.94698322027847
1610844599,100,,Aggregated,20.000000,0.000000,33,52,60,65,82,100,110,180,270,280,280,11209,11,33,40.1496578022998,1.277645999834931,282.81518599987976,53.947006869479885
1610844600,100,,Aggregated,20.000000,0.000000,33,52,60,65,82,100,110,180,270,280,280,11226,11,33,40.10618128175454,1.277645999834931,282.81518599987976,53.9470871191876
1610844601,100,,Aggregated,20.000000,0.000000,33,53,60,65,82,100,110,180,270,280,280,11300,11,33,40.301206006192515,1.277645999834931,282.81518599987976,53.947433628318585
1610844602,100,,Aggregated,20.000000,0.000000,33,52,60,65,82,100,110,180,270,280,280,11304,11,33,40.289373061215066,1.277645999834931,282.81518599987976,53.947452229299365
1610844604,100,,Aggregated,20.000000,0.000000,33,52,60,65,82,100,110,180,270,280,280,11308,11,33,40.28007073045406,1.277645999834931,282.81518599987976,53.947470817120625
1610844605,100,,Aggregated,20.000000,0.000000,33,52,60,65,82,100,110,180,270,280,280,11309,11,33,40.27698854522718,1.277645999834931,282.81518599987976,53.9474754620214
1610844606,100,,Aggregated,20.000000,0.000000,33,52,60,65,82,100,110,180,270,280,280,11359,11,33,40.24841730592259,1.277645999834931,282.81518599987976,53.94770666431904
1610844607,100,,Aggregated,20.000000,0.000000,33,53,60,65,82,100,110,180,270,280,280,11400,11,33,40.33270627061178,1.277645999834931,282.81518599987976,53.9478947368421
1610844608,100,,Aggregated,20.000000,0.000000,33,53,60,65,82,100,110,180,270,280,280,11404,11,33,40.32120437390162,1.277645999834931,282.81518599987976,53.9479130129779
1610844609,100,,Aggregated,20.000000,0.000000,33,53,60,65,82,100,110,180,270,280,280,11408,11,33,40.313504783570615,1.277645999834931,282.81518599987976,53.94793127629733
1610844610,100,,Aggregated,20.000000,0.000000,33,53,60,65,82,100,110,180,270,280,280,11426,11,33,40.26840901811431,1.277645999834931,282.81518599987976,53.948013302993175
1610844611,100,,Aggregated,20.000000,0.000000,33,52,60,65,82,100,110,180,270,280,280,11459,11,33,40.223916265989665,1.277645999834931,282.81518599987976,53.94816301596998
1610844612,100,,Aggregated,20.000000,0.000000,34,53,61,66,82,100,110,180,270,280,280,11504,11,34,40.44304563499436,1.277645999834931,282.81518599987976,53.94836578581363
1610844614,100,,Aggregated,20.000000,0.000000,34,53,61,66,82,100,110,180,270,280,280,11504,11,34,40.44304563499436,1.277645999834931,282.81518599987976,53.94836578581363
1610844615,100,,Aggregated,20.000000,0.000000,34,53,61,66,82,100,110,180,270,280,280,11509,11,34,40.45031560960767,1.277645999834931,282.81518599987976,53.94838821791641
1610844616,100,,Aggregated,19.600000,0.000000,33,53,61,66,82,100,110,180,270,280,280,11554,11,33,40.47602629547998,1.277645999834931,282.81518599987976,53.948589233166004
1610844617,100,,Aggregated,19.600000,0.000000,34,53,61,66,82,100,110,180,270,280,280,11600,11,34,40.527198898101524,1.277645999834931,282.81518599987976,53.948793103448274
1610844618,100,,Aggregated,20.000000,0.000000,34,53,61,66,82,100,110,180,270,280,280,11604,11,34,40.51583809599943,1.277645999834931,282.81518599987976,53.9488107549121
1610844619,100,,Aggregated,20.000000,0.000000,34,53,61,66,82,100,110,180,270,280,280,11608,11,34,40.50535271476372,1.277645999834931,282.81518599987976,53.94882839421089
1610844620,100,,Aggregated,20.000000,0.000000,34,53,61,66,82,100,110,180,270,280,280,11617,11,34,40.48072939571124,1.277645999834931,282.81518599987976,53.94886803821985
1610844621,100,,Aggregated,19.600000,0.000000,33,53,61,66,82,100,110,180,270,280,280,11659,11,33,40.402709682989645,1.277645999834931,282.81518599987976,53.949052234325414
1610844622,100,,Aggregated,20.000000,0.000000,33,53,60,65,82,100,110,180,270,280,280,11701,11,33,40.39346847568374,1.277645999834931,282.81518599987976,53.949235108110415
1610844623,100,,Aggregated,20.000000,0.000000,33,53,61,65,82,100,110,180,270,280,280,11704,11,33,40.401600577663615,1.277645999834931,282.81518599987976,53.94924812030075
1610844625,100,,Aggregated,16.500000,0.000000,33,53,60,65,82,100,110,180,270,280,280,11709,11,33,40.38873284345157,1.277645999834931,282.81518599987976,53.949269792467334
